establecimiento,razon_social,productos
ADD CROPS S.A.,BARADERO 1,SOJA
ADD CROPS S.A.,BARADERO 2,GIRASOL
ADD CROPS S.A.,BARADERO 2,MIJO
ADD CROPS S.A.,BARADERO 2,RESIDUO VEGETAL
ADD CROPS S.A.,EL BUEN RETIRO,MAIZ
ADD CROPS S.A.,EL BUEN RETIRO,AVENA
ADD CROPS S.A.,EL BUEN RETIRO,CAMPO NATURAL
AGRICOLA EL HORIZONTE S.A.,EL RELINCHO,SOJA
AGRICOLA EL HORIZONTE S.A.,EL RELINCHO,ALPISTE
AGRICOLA EL HORIZONTE S.A.,EL HORIZONTE,SOJA
AGRICOLA EL HORIZONTE S.A.,EL HORIZONTE,ALPISTE
AGRICOLA EL HORIZONTE S.A.,EL HORIZONTE,TRIGO
AGRO ROSSI S.H.,DON GISLENO,CEREALES
AGRO ROSSI S.H.,ONELIA,CEREALES
ALVAREZ ANA MARIA,EL PAMPA ORGANICO,NUEZ PECAN
ALVAREZ ANA MARIA,EL PAMPA ORGANICO,PASTURAS
ALVAREZ ANA MARIA,EL PAMPA ORGANICO,INCULTO
ANIJG AGENCY S.A.,EL FORTIN,GANADERIA BOVINA
ARBE JUAN LUCAS ,NATURAL PAMPA,ARANDANO
ARGENTINA SPECIALITY S.R.L.,LA MORENITA,ARANDANO
ARGENTINA SPECIALITY S.R.L.,LA MORENITA,FRAMBUESA
ARGENTINA SPECIALITY S.R.L.,LA MORENITA,MORA
ARGENTINA SPECIALITY S.R.L.,LA MORENITA,TOMATE
ARGENTINA SPECIALITY S.R.L.,LA MORENITA,PIMIENTO
ARGENTINA SPECIALITY S.R.L.,LA MORENITA,ZAPALLO
ARGENTINA SPECIALITY S.R.L.,LA MORENITA,INCULTO
AUTOSOL PARTS S.A.,SAN JOSE,ARANDANO
AUTOSOL PARTS S.A.,SAN JOSE,DESCANSO
BANDERITAS S.A.,JUAN ALBERTO,TRIGO Y SOJA
BANDERITAS S.A.,SANTA RITA,LINO DORADO Y SOJA
BANDERITAS S.A.,LA COLORADA,TRIGO Y SOJA
BANDERITAS S.A.,LA NELIDA,TRIGO Y SOJA
BARRETO JORGE JAVIER,LOS ARANDANALES,ARANDANO
BARRETO JORGE JAVIER,LOS ARANDANALES,PASTURAS
BERRIES PREMIUM SA,BERRIES PREMIUM,ARANDANO
BERRIES PREMIUM SA,BERRIES PREMIUM,NARANJA
BIANCHI FERNANDO LUIS,"""LA JULIA"" Y ""LA JULITA""",VACAS
BIANCHI FERNANDO LUIS,"""LA JULIA"" Y ""LA JULITA""",VAQUILLONAS
BIANCHI FERNANDO LUIS,"""LA JULIA"" Y ""LA JULITA""",NOVILLOS
BIANCHI FERNANDO LUIS,"""LA JULIA"" Y ""LA JULITA""",TOROS
BIANCHI FERNANDO LUIS,"""LA JULIA"" Y ""LA JULITA""",TERNERAS
BIOLIVE S.A.,EL PIAL,OLIVO
BORCHARDT FRANCISCO,ORGANIC ORCHARD,REPOLLO
BORCHARDT FRANCISCO,ORGANIC ORCHARD,ACELGA
BORCHARDT FRANCISCO,ORGANIC ORCHARD,BROCOLI
BORCHARDT FRANCISCO,ORGANIC ORCHARD,HINOJO
BORCHARDT FRANCISCO,ORGANIC ORCHARD,HABAS
BORCHARDT FRANCISCO,ORGANIC ORCHARD,ESPINACA
BORCHARDT FRANCISCO,ORGANIC ORCHARD,COLIFLOR
BORCHARDT FRANCISCO,ORGANIC ORCHARD,LECHUGA
BORCHARDT FRANCISCO,ORGANIC ORCHARD,CEBOLLA DE VERDEO
BORCHARDT FRANCISCO,ORGANIC ORCHARD,MANZANA
BORCHARDT FRANCISCO,ORGANIC ORCHARD,HIGOS
BORCHARDT FRANCISCO,ORGANIC ORCHARD,CIRUELA
BORCHARDT FRANCISCO,ORGANIC ORCHARD,PERA
BORCHARDT FRANCISCO,ORGANIC ORCHARD,DURAZNO
BORCHARDT FRANCISCO,ORGANIC ORCHARD,MANDARINA
BORCHARDT FRANCISCO,ORGANIC ORCHARD,POMELO
BORCHARDT FRANCISCO,ORGANIC ORCHARD,FORESTALES
BUENA TIERRA SRL.,SANTA LUCIA,ARANDANO
BUENA TIERRA SRL.,SANTA LUCIA,MORA
BUENA TIERRA SRL.,SANTA LUCIA,CIRUELA
BUENA TIERRA SRL.,SANTA LUCIA,DURAZNO
CHACRA RUMFE SRL,CHACRA RUMFE,ARANDANOS
CIDEL ORGANICA S.R.L.,QUINTA 462,HORTALIZAS
CIDEL ORGANICA SRL,LA ANUNCIACION QUINTA 2,HORTICULTURA: HORTALIZAS DE RAIZ
CIDEL ORGANICA SRL,LA ANUNCIACION QUINTA 2,HOJA Y FRUTOS
COOPERATIVA GRANJERA ENTRERIANA DE CHACRAS ORGANICAS LTDA.,EL SEÑUELO,HUEVOS
"CORDOBA, MIGUEL ANGEL",EL 48,AVENA
"CORDOBA, MIGUEL ANGEL",EL 48,TRIGO
COSUFRUTOS SA,PUENTE VIEJO,KIWI
DON ALEJO SA,LAUQUEN,CEREALES
DON ALEJO SA,LA TAPERA,CEREALES
DON JACINTO SAAYC,PILLAHUINCO,TRIGO
DON JACINTO SAAYC,PILLAHUINCO,CENTENO
DON JACINTO SAAYC,PILLAHUINCO,AVENA
DON JACINTO SAAYC,PILLAHUINCO,CEBADA
DON JACINTO SAAYC,PILLAHUINCO,PASTURAS
DON JACINTO SAAYC,PILLAHUINCO,CAMPO NATURAL
EBERLING FELICIANO,LA AVENTURA,CEREALES
EBERLING FELICIANO,LA QUEBRADA,CEREALES
EDCO GRAINS S.A.,LA UNION,MAIZ
EDCO GRAINS S.A.,LA UNION,SOJA
EDCO GRAINS S.A.,LA UNION,GIRASOL
EDCO GRAINS S.A.,LA UNION,LINO
EDCO GRAINS S.A.,LA UNION,TRIGO
EDCO GRAINS S.A.,LA ELVIRA,MAIZ
EDCO GRAINS S.A.,LA ELVIRA,LINO
EDCO GRAINS S.A.,LA ELVIRA,TRIGO
EDCO GRAINS S.A.,LA ELVIRA,GIRASOL
EL CASERIO ORGANICO S.H.,MARIA ALBINA I  Y LA AMELIA,AVENA
EL CASERIO ORGANICO S.H.,MARIA ALBINA I  Y LA AMELIA,ARVEJA
EL CASERIO ORGANICO S.H.,MARIA ALBINA I  Y LA AMELIA,ABONO VERDE
EL CASERIO ORGANICO S.H.,MARIA ALBINA I  Y LA AMELIA,TRIGO
EL CASERIO ORGANICO S.H.,MARIA ALBINA I  Y LA AMELIA,SORGO
EL KIWAL DE MACEDO S.A.,DON GUILLERMO,KIWIS
EL REFUGIO DE CARLOS S.A.,LOS TAMARISCOS (ANIMAL),VACAS
EL REFUGIO DE CARLOS S.A.,LOS TAMARISCOS (ANIMAL),TERNEROS
"ETCHEBEST, PEDRO GASTON",DOÑA FRANCISCA,KIWI
"ETCHEBEST, PEDRO GASTON",DOÑA FRANCISCA,LIMON
"ETCHEBEST, PEDRO GASTON",DOÑA FRANCISCA,MORAS SILVESTRES
"ETCHEBEST, PEDRO GASTON",DOÑA FRANCISCA,NOGALES
"ETCHEBEST, PEDRO GASTON",DOÑA FRANCISCA,MANDARINA
"ETCHEBEST, PEDRO GASTON",DOÑA FRANCISCA,HIGO
FERRARI CRISTHIAN DANIEL,FERRARI,ALFALFA
FERRARI CRISTHIAN DANIEL,FERRARI,CAMPO NATURAL
FERRARI CRISTHIAN DANIEL,FERRARI,SOJA
FERRARI CRISTHIAN DANIEL,FERRARI,TRIGO
FERRARI CRISTHIAN DANIEL,FERRARI,AVENA
FERRARI CRISTHIAN DANIEL,FERRARI,CEBADA
FERRARI CRISTHIAN DANIEL,FERRARI,ARVEJA
FERRARI CRISTHIAN DANIEL,FERRARI,LINO
FERRARI CRISTHIAN DANIEL,FERRARI,ZAPALLO
FERRARI CRISTHIAN DANIEL,FERRARI,SESAMO
FERRARI CRISTHIAN DANIEL,FERRARI,POROTO
FERRARI CRISTHIAN DANIEL,FERRARI,AMARANTO
FERRARI CRISTHIAN DANIEL,FERRARI,MAIZ
FERRARI CRISTHIAN DANIEL,FERRARI,GIRASOL
FERRARI CRISTHIAN DANIEL,FERRARI,SORGO
FERRARI CRISTHIAN DANIEL,FERRARI,MAIZ PISINGALLO
GARAT ALBERTO ADOLFO,MI SUEÑO,CEREALES Y OLEAGINOSAS
GARRIDO STELLA MARIS,LOS OSOS,LECHE
GARRIDO STELLA MARIS,LOS OSOS,VACAS DE TAMBO
GARRIDO STELLA MARIS,LOS OSOS,VAQUILLONAS
GARRIDO STELLA MARIS,LOS OSOS,TOROS
GARRIDO STELLA MARIS,LOS OSOS,TERNERAS
GARRIDO STELLA MARIS,LOS OSOS,TERNEROS
GILARDI SEBASTIAN,DON LUIS,AVENA
GIMAI SA,LA AMISTAD,RUCULA
GIMAI SA,LA AMISTAD,RABANITO
GIMAI SA,LA AMISTAD,PUERROS
GIMAI SA,LA AMISTAD,PIMIENTOS
GIMAI SA,LA AMISTAD,BERENJENAS
GIMAI SA,LA AMISTAD,CEBOLLA
GIMAI SA,LA AMISTAD,PEREJIL
GIMAI SA,LA AMISTAD,ACELGA
GIMAI SA,LA AMISTAD,REMOLACHA
GIMAI SA,LA AMISTAD,ZAPALLO
GIMAI SA,LA AMISTAD,BATATA
GIMAI SA,LA AMISTAD,HINOJO
GIMAI SA,LA AMISTAD,ESCAROLA
GIMAI SA,LA AMISTAD,REPOLLO
GIMAI SA,LA AMISTAD,ZANAHORIA
GIMAI SA,LA AMISTAD,CHAUCHA
GIMAI SA,LA AMISTAD,ZAPALLITO
GIMAI SA,LA AMISTAD,ZUCCHINI
GIMAI SA,LA AMISTAD,TOMATE
GIMAI SA,LA AMISTAD,LECHUGA
GIMAI SA,LA AMISTAD,CIBOULETTE
GIMAI SA,LA AMISTAD,FRUTILLA
GIMAI SA,LA AMISTAD,ESPINACA
GIMAI SA,LA AMISTAD,ARVEJA
GIMAI SA,LA AMISTAD,HABAS
GIMAI SA,LA AMISTAD,PAK CHOY
GIMAI SA,LA AMISTAD,RADICHETA
GIMAI SA,LA AMISTAD,APIO
GIMAI SA,LA AMISTAD,JENJIBRE
GIMAI SA,LA AMISTAD,MILENRAMA
GIMAI SA,LA AMISTAD,CEDRON
GIMAI SA,LA AMISTAD,SALVIA
GIMAI SA,LA AMISTAD,MENTA
GIMAI SA,LA AMISTAD,MELISA
GIMAI SA,LA AMISTAD,TOMILLO
GIMAI SA,LA AMISTAD,ROMERO
GIMAI SA,LA AMISTAD,MOSTAZA
GIMAI SA,LA AMISTAD,CURCUMA
GIMAI SA,LA AMISTAD,AJENJO
GIMAI SA,LA AMISTAD,KALE
GIMAI SA,LA AMISTAD,LIMON
GIMAI SA,LA AMISTAD,MANZANA
GIMAI SA,LA AMISTAD,BROCOLI
GIMAI SA,LA AMISTAD,AJO
GIMAI SA,LA AMISTAD,ALCAUCIL.
GONZALEZ ELVIO,VILLA BALLESTER,CEREALES Y OLEAGINOSAS
GONZALEZ ELVIO,LAS CIEN,CEREALES Y OLEAGINOSAS
GONZALEZ ELVIO,EX ARTEL,CEREALES Y OLEAGINOSAS
GONZALEZ ZUGASTI ESTEBAN ANTONIO,PAITITI,PASTURAS
GONZALEZ ZUGASTI ESTEBAN ANTONIO,PAITITI,SORGO
GONZALEZ ZUGASTI ESTEBAN ANTONIO,PAITITI,CEBADA
GONZALEZ ZUGASTI ESTEBAN ANTONIO,PAITITI,TRIGO
GONZALEZ ZUGASTI ESTEBAN ANTONIO,PAITITI,CAMPO NATURAL
HUENU CRESTA Y MUTICIA CRESTA SH,CANDELA,GANADERIA BOVINA
ILGNER ANGEL E. Y PRESA STELLA M.,LOTE 118 Y  LA ALICIA,CEREALES
ILGNER HECTOR,LA GABRIELITA,AVENA
ILGNER HECTOR,LA GABRIELITA,CEBADA
ILGNER HECTOR,LA GABRIELITA,TRIGO
ILGNER OSCAR FELIPE,SAN AGUSTIN,ZAPALLO RED HOKKAIDO
ILGNER OSCAR FELIPE,SAN AGUSTIN,CEBOLLA
ILGNER RAUL ALBERTO,FRUTO DE LA FE,AVENA
ILGNER RAUL ALBERTO,FRUTO DE LA FE,TRIGO
ILGNER SEBASTIAN,LOS MEXICANOS,AVENA
ILGNER SEBASTIAN,LOS MEXICANOS,TRIGO
INNOCENTI MONICA,KIWI Y CHAMPIGNON,KIWI
INNOCENTI MONICA,KIWI Y CHAMPIGNON,DESCANSO
INNOCENTI MONICA,KIWI Y CHAMPIGNON,MONTE
INTERRUPCION S.A.,LAS LOMAS,SOJA
"JAÑEZ, MARIA PILAR",EL CHARA,GANADERIA BOVINA
KROHN ARNOLDO Y MARTIN LUIS ENRIQUE SH,EL SATELITE,TRIGO
KROHN ARNOLDO Y MARTIN LUIS ENRIQUE SH,MARY YAN,TRIGO
KUMAGRO S.A.,CAMPO ALVEAR,MAIZ
KUMAGRO S.A.,CAMPO ALVEAR,CENTENO
KUMAGRO S.A.,CAMPO ALVEAR,DESCANSO
KUMAGRO S.A.,CAMPO ALVEAR,SOJA
KUMAGRO S.A.,CAMPO ALVEAR,ABONO VERDE
HIGH DOOR S.A.,TALLO VERDE,ESPINACA
HIGH DOOR S.A.,TALLO VERDE,REPOLLO
HIGH DOOR S.A.,TALLO VERDE,ACELGA
HIGH DOOR S.A.,TALLO VERDE,LECHUGA
HIGH DOOR S.A.,TALLO VERDE,RADICHETA
HIGH DOOR S.A.,TALLO VERDE,NABO
HIGH DOOR S.A.,TALLO VERDE,RUCULA
HIGH DOOR S.A.,TALLO VERDE,HINOJO
HIGH DOOR S.A.,TALLO VERDE,BROCOLI
HIGH DOOR S.A.,TALLO VERDE,ZANAHORIA
HIGH DOOR S.A.,TALLO VERDE,PUERRO
HIGH DOOR S.A.,TALLO VERDE,ESPARRAGOS
HIGH DOOR S.A.,TALLO VERDE,BERENJENA
HIGH DOOR S.A.,TALLO VERDE,TOMATE
HIGH DOOR S.A.,TALLO VERDE,AJI
HIGH DOOR S.A.,TALLO VERDE,PIMIENTO
HIGH DOOR S.A.,TALLO VERDE,FRUTILLA
HIGH DOOR S.A.,TALLO VERDE,BATATA
HIGH DOOR S.A.,TALLO VERDE,ZAPALLO
HIGH DOOR S.A.,TALLO VERDE,REMOLACHA
HIGH DOOR S.A.,TALLO VERDE,ALCAUCIL
HIGH DOOR S.A.,TALLO VERDE,APIO
HIGH DOOR S.A.,TALLO VERDE,RABANITO
HIGH DOOR S.A.,TALLO VERDE,CEBOLLA
HIGH DOOR S.A.,TALLO VERDE,ZUCCHINI
HIGH DOOR S.A.,TALLO VERDE,NARANJA
HIGH DOOR S.A.,TALLO VERDE,LIMON
HIGH DOOR S.A.,TALLO VERDE,MANDARINA
HIGH DOOR S.A.,TALLO VERDE,POMELO
HIGH DOOR S.A.,TALLO VERDE,HIGOS
HIGH DOOR S.A.,TALLO VERDE,CIRUELA
HIGH DOOR S.A.,TALLO VERDE,QUINOTO
HIGH DOOR S.A.,TALLO VERDE,NUEZ
HIGH DOOR S.A.,TALLO VERDE,ALMENDRAS
HIGH DOOR S.A.,TALLO VERDE,PALTA
HIGH DOOR S.A.,TALLO VERDE,ZAPALLITO
KUMAGRO S.A.,LOS PINOS,SOJA
KUMAGRO S.A.,LOS PINOS,ABONO VERDE
KUMAGRO S.A.,LA LUCIA II,MAIZ
KUMAGRO S.A.,MAC GRATH,MAIZ
KUMAGRO S.A.,LOS PARAISOS,SOJA
KUMAGRO S.A.,LOS PARAISOS,MAIZ
KUMAGRO S.A.,LA BLANQUEADA,SOJA
KUMAGRO S.A.,LA BLANQUEADA,ARVEJA
KUMAGRO S.A.,LA BLANQUEADA,MAIZ
KUMAGRO S.A.,LA BLANQUEADA,RESIDUO VEGETAL
KUMAGRO S.A.,OJEA,CENTENO
KUMAGRO S.A.,OJEA,MAIZ PISINGALLO
KUMAGRO S.A.,OJEA,DESCANSO
KUMAGRO S.A.,OJEA,SOJA
LA CATALINA SCA,LA CATALINA ORGANICA,CEBADA
LA CATALINA SCA,LA CATALINA ORGANICA,TRIGO
LA CATALINA SCA,LA CATALINA ORGANICA,GANADERIA BOVINA
LA VENTURA & ASOCIADOS S.A.,LA VENTURA Y LA MARIA SUR,VACAS
LA VENTURA & ASOCIADOS S.A.,LA VENTURA Y LA MARIA SUR,TERNERAS
LA VENTURA & ASOCIADOS S.A.,LA VENTURA Y LA MARIA SUR,TOROS
LA VENTURA & ASOCIADOS S.A.,LA VENTURA Y LA MARIA SUR,VAQUILLONAS
LA VENTURA & ASOCIADOS S.A.,LA VENTURA Y LA MARIA SUR,NOVILLOS
LAFONTAINE SILVIA ELENA,LA MADRECITA,GIRASOL ALTO OLEICO
LAFONTAINE SILVIA ELENA,LA MADRECITA,DINKEL
LAVANDAS DE LAS SIERRAS S.R.L.,EL PANTANOSO,ROMERO
LAVANDAS DE LAS SIERRAS S.R.L.,EL PANTANOSO,LAVANDA
LAVANDAS DE LAS SIERRAS S.R.L.,EL PANTANOSO,LAVANDIN
LAVANDAS DE LAS SIERRAS S.R.L.,EL PANTANOSO,OREGANO
LAVANDAS DE LAS SIERRAS S.R.L.,EL PANTANOSO,TOMILLO
LAVANDAS DE LAS SIERRAS S.R.L.,EL PANTANOSO,SALVIA
LAVANDAS DE LAS SIERRAS S.R.L.,EL PANTANOSO,HISOPO
LAVANDAS DE LAS SIERRAS S.R.L.,EL PANTANOSO,MELISA
LAVANDAS DE LAS SIERRAS S.R.L.,EL PANTANOSO,AJEDREA
"LIMARDO, RAFAEL OSVALDO",LA SALADA,SORGO FORRAJERO
"LIMARDO, RAFAEL OSVALDO",LA SALADA,GIRASOL
"LIMARDO, RAFAEL OSVALDO",LA SALADA,GANADERIA BOVINA
"LIMARDO, RAFAEL OSVALDO",LA SALADA,GANADERIA OVINA
"LIN, SANTIAGO",SANTIAGO LIN,RUCULA CHINA
"LIN, SANTIAGO",SANTIAGO LIN,NIRA
"LIN, SANTIAGO",SANTIAGO LIN,REMNOLACHA
"LIN, SANTIAGO",SANTIAGO LIN,PACK CHOI
"LIN, SANTIAGO",SANTIAGO LIN,REMOLACHA
"LIN, SANTIAGO",SANTIAGO LIN,BRASSICA CHINENSIS
"LIN, SANTIAGO",SANTIAGO LIN,BRASSICA ALBOGLABRA
"LIN, SANTIAGO",SANTIAGO LIN,BRASSICA JUNCEA
"LIN, SANTIAGO",SANTIAGO LIN,LECHUGA CHINA
"LIN, SANTIAGO",SANTIAGO LIN,RUCULA SELVATICA
"LIN, SANTIAGO",SANTIAGO LIN,APIO CHINO
"LIN, SANTIAGO",SANTIAGO LIN,ESPINACA
"LIN, SANTIAGO",SANTIAGO LIN,CRISANTEMO
"LIN, SANTIAGO",SANTIAGO LIN,IPOMOEA AQUATICA
"LIN, SANTIAGO",SANTIAGO LIN,BRASSICA NAPUS
LOVINAC S.A.,TRES MARIAS,VACAS
LOVINAC S.A.,TRES MARIAS,TERNERAS
LOVINAC S.A.,TRES MARIAS,TOROS
LUIS A. DUCRET Y CIA. S.A.,GARIBALDI,PASTURAS
LUIS A. DUCRET Y CIA. S.A.,EL PUESTO,MAIZ PISINGALLO
LUIS A. DUCRET Y CIA. S.A.,EL PUESTO,DESCANSO
LUIS A. DUCRET Y CIA. S.A.,EL PUESTO,GIRASOL ALTO OLEICO
LUIS A. DUCRET Y CIA. S.A.,EL RADAR,CEREALES Y OLEAGINOSAS
MAGADAN LOPEZ MAXIMO PEDRO,LA VENTURA - SANTA BENITA,ALZA MELARIA
MAGADAN LOPEZ MAXIMO PEDRO,LA VENTURA - SANTA BENITA,COLMENAS
MAGADAN LOPEZ MAXIMO PEDRO,LA VENTURA - SANTA BENITA,NUCLEOS
MAGADAN LOPEZ MAXIMO PEDRO,SANTA BENITA,TOROS
MAGADAN LOPEZ MAXIMO PEDRO,SANTA BENITA,VACAS
MAGADAN LOPEZ MAXIMO PEDRO,SANTA BENITA,TERNERAS
MAGADAN LOPEZ MAXIMO PEDRO,SANTA BENITA,TERNEROS
"MAZAIRA, GUILLERMO A.",CHACRA G Y K,ALFALFA
"MAZAIRA, GUILLERMO A.",CHACRA G Y K,TRIGO
"MAZAIRA, GUILLERMO A.",CHACRA G Y K,CENTENO
MICAELA ANDREA SASAKI,CULTIVOS ORGANICOS SASAKI,HORTALIZAS
MIRTA LOPEZ,REDONDEL,HORTALIZAS
MISKA SA,SAN LUIS,CEREALES Y OLEAGINOSAS
MISKA SA,DON GREGORIO,CEREALES Y OLEAGINOSAS
MISKA SA,BREIZH,CEREALES Y OLEAGINOSAS
MISKA SA,LOS VERDES,CEREALES Y OLEAGINOSAS
MISKA SA,CONSTANTIN,CEREALES Y OLEAGINOSAS
MISKA SA,LOIZA,CEREALES Y OLEAGINOSAS
MOA INTERNACIONAL A.C. DE FILOSOFIA Y CULTURA,ZUISENKIO DERQUI,ZANAHORIA
MOA INTERNACIONAL A.C. DE FILOSOFIA Y CULTURA,ZUISENKIO DERQUI,CEBOLLA VERDEO
MOA INTERNACIONAL A.C. DE FILOSOFIA Y CULTURA,ZUISENKIO DERQUI,REPOLLO
MOA INTERNACIONAL A.C. DE FILOSOFIA Y CULTURA,ZUISENKIO DERQUI,LECHUGA
MOA INTERNACIONAL A.C. DE FILOSOFIA Y CULTURA,ZUISENKIO DERQUI,ACELGA
MOA INTERNACIONAL A.C. DE FILOSOFIA Y CULTURA,ZUISENKIO DERQUI,PEREJIL
MOA INTERNACIONAL A.C. DE FILOSOFIA Y CULTURA,ZUISENKIO DERQUI,RUCULA
MOA INTERNACIONAL A.C. DE FILOSOFIA Y CULTURA,ZUISENKIO DERQUI,PUERRO
MOA INTERNACIONAL A.C. DE FILOSOFIA Y CULTURA,ZUISENKIO DERQUI,NABO
MOA INTERNACIONAL A.C. DE FILOSOFIA Y CULTURA,ZUISENKIO DERQUI,AJO
MOA INTERNACIONAL A.C. DE FILOSOFIA Y CULTURA,ZUISENKIO DERQUI,ESPINACA
MOA INTERNACIONAL A.C. DE FILOSOFIA Y CULTURA,ZUISENKIO DERQUI,RADICHETA
NEO ARGENTO SC,LAS TRES NENAS,INCULTO
NEO ARGENTO SC,LAS TRES NENAS,AVENA
NEO ARGENTO SC,LAS TRES NENAS,PASTURAS
NEO ARGENTO SC,LAS TRES NENAS,CENTENO
NEO ARGENTO SC,LAS TRES NENAS,SORGO
NEO ARGENTO SC,LAS TRES NENAS,GIRASOL
NOVICK PABLO HORACIO,EL CUADRO DEL VASCO,CEREALES Y OLEAGINOSAS
NOVICK PABLO HORACIO,EL VASQUITO,CEREALES
"PERASSO, EMILIO CESAR",LA AMELIA,SORGO
PETROAGRO S.A.,DON BENEDETTO,SOJA
PETROAGRO S.A.,DON BENEDETTO,MAIZ
PETROAGRO S.A.,SAN JUAN,GIRASOL ALTO OLEICO
PETROAGRO S.A.,HURE,MAIZ
PETROAGRO S.A.,SAN CARLOS,SOJA
PETROAGRO S.A.,SAN CARLOS,MAIZ
PETROAGRO S.A.,LOS VASQUITOS,MAIZ
PETROAGRO S.A.,LOS VASQUITOS,DESCANSO
PETROAGRO S.A.,SIVORI,SORGO
PETROAGRO S.A.,SIVORI,SOJA
"PROVERBIO, JUAN MARIANO",LOTE 111,HORTICULTURA
"PROVERBIO, JUAN MARIANO","PROVERBIO, JUAN MARIANO",HORTALIZAS
PROVIDENCE SA,LA ISLA,AVENA
PROVIDENCE SA,LA ISLA,CENTENO
PROVIDENCE SA,LA ISLA,GANADERIA BOVINA
PROVIDENCE SA,SANTA ELENA,TRIGO
PROVIDENCE SA,SANTA ELENA,AVENA
PROVIDENCE SA,SANTA ELENA,CENTENO
PROVIDENCE SA,SANTA ELENA,CEBADA
PROVIDENCE SA,SANTA ELENA,GIRASOL
PROVIDENCE SA,SANTA ELENA,GANADERIA BOVINA
RIVARA S.A.,LAS NUTRIAS,SOJA
RIVARA S.A.,LAS NUTRIAS,MAIZ
RIVARA S.A.,LAS NUTRIAS,PASTURAS
RIVARA S.A.,LAS NUTRIAS,TRIGO
RIVARA S.A.,LAS NUTRIAS,CEBADA
RIVARA S.A.,LAS NUTRIAS,CAMPO NATURAL
RIVARA S.A.,LA MARTITA,SOJA
RIVARA S.A.,LA MARTITA,SORGO
RIVARA S.A.,LA MARTITA,CAMPO NATURAL
RIVARA S.A.,LA MARTITA,PASTURAS
RIVARA S.A.,EL FORTIN Y LOS MEDANOS,MAIZ
RIVARA S.A.,EL FORTIN Y LOS MEDANOS,PASTURAS
RIVARA S.A.,EL FORTIN Y LOS MEDANOS,SOJA
RIVARA S.A.,EL FORTIN Y LOS MEDANOS,MAIZ PISINGALLO
RIVARA S.A.,EL FORTIN Y LOS MEDANOS,CAMPO NATURAL
RIVARA S.A.,EL ROSARIO (MANUBI),DESCANSO
RIVARA S.A.,EL ROSARIO (MANUBI),SOJA
RIVARA S.A.,EL ROSARIO (MANUBI),MAIZ
RIVARA S.A.,EL ROSARIO (MANUBI),PASTURAS
RIVARA S.A.,LA ADELINA,PASTURAS
RIVARA S.A.,LA ADELINA,ABONO VERDE
RIVARA S.A.,LA ADELINA,CAMPO NATURAL
RIVARA S.A.,LA ADELINA,SOJA
RIVARA S.A.,LA ADELINA,DESCANSO
RIVARA S.A.,LA ADELINA,MONTE
RIVARA S.A.,10 DE JUNIO,SOJA
RIVARA S.A.,MAMA CAROLINA,SOJA
RIVARA S.A.,LA LUISA,SOJA
RODOLFO UNGARO Y CIA S.A.,ARMONIA - LAS 150 - EL MORO,VACAS
RODOLFO UNGARO Y CIA S.A.,ARMONIA - LAS 150 - EL MORO,NOVILLOS
RODOLFO UNGARO Y CIA S.A.,ARMONIA - LAS 150 - EL MORO,VAQUILLONAS
RODOLFO UNGARO Y CIA S.A.,ARMONIA - LAS 150 - EL MORO,TOROS
RODOLFO UNGARO Y CIA S.A.,ARMONIA - LAS 150 - EL MORO,TERNEROS
RODOLFO UNGARO Y CIA S.A.,ARMONIA - LAS 150 - EL MORO,TERNERAS
ROLAND MOHLE/CORINA KEYMER DE MOHLE,ROCO,RADICHETA
ROLAND MOHLE/CORINA KEYMER DE MOHLE,ROCO,RUCULA
ROLAND MOHLE/CORINA KEYMER DE MOHLE,ROCO,ALBAHACA
ROLAND MOHLE/CORINA KEYMER DE MOHLE,ROCO,MENTA
ROLAND MOHLE/CORINA KEYMER DE MOHLE,ROCO,CILANTRO
ROLAND MOHLE/CORINA KEYMER DE MOHLE,ROCO,SALVIA
ROLAND MOHLE/CORINA KEYMER DE MOHLE,ROCO,TOMILLO
ROLAND MOHLE/CORINA KEYMER DE MOHLE,ROCO,ESPARRAGOS
ROLAND MOHLE/CORINA KEYMER DE MOHLE,ROCO,TOMATE
ROLAND MOHLE/CORINA KEYMER DE MOHLE,ROCO,INCULTO
ROLAND MOHLE/CORINA KEYMER DE MOHLE,ROCO,ROMERO
ROLAND MOHLE/CORINA KEYMER DE MOHLE,ROCO,ALFALFA
ROLAND MOHLE/CORINA KEYMER DE MOHLE,ROCO,ALCAUCIL
ROLAND MOHLE/CORINA KEYMER DE MOHLE,ROCO,ESTRAGON
ROLAND MOHLE/CORINA KEYMER DE MOHLE,ROCO,PEREJIL
ROLAND MOHLE/CORINA KEYMER DE MOHLE,ROCO,CEBOLLA
"ROSSI, PILADE QUINTO",EL CHAPARRAL,TRIGO
"ROSSI, PILADE QUINTO",LA ALCANCIA,TRIGO
SASAKI NOOSAN SRL,SASAKI NOOSAN SRL,HORTALIZAS
SASAKI NOOSAN SRL,SASAKI NOOSAN SRL,ARROZ
SOYAPAMPA S.A.,EL REZONGO,SOJA
SOYAPAMPA SA,VIMANEMAR,CEREALES Y OLEAGINOSAS
SOYAPAMPA SA,LAS MARIAS,CEREALES Y OLEAGINOSAS
SOYAPAMPA SA,LA PICASA,CEREALES Y OLEAGINOSAS
SOYAPAMPA SA,EL CARDALITO,CEREALES Y OLEAGINOSAS
SOYAPAMPA SA,BUENA ESPERANZA,CEREALES Y OLEAGINOSAS
TANDIL VACARA SRL,SAN MIGUEL,VACAS
TANDIL VACARA SRL,SAN MIGUEL,VAQUILLONAS
TANDIL VACARA SRL,SAN MIGUEL,TOROS
TANDIL VACARA SRL,SAN MIGUEL,TERNEROS
TANDIL VACARA SRL,SAN MIGUEL,TERNERAS
TENAX S.A.,FINCA DON PEDRO,MORA
TENAX S.A.,FINCA DON PEDRO,INCULTO
TENAX S.A.,FINCA DON PEDRO,ARANDANO
TENAX S.A.,FINCA DON PEDRO,FRAMBUESA
TENAX S.A.,FINCA DON PEDRO,PERA
TENAX S.A.,FINCA DON PEDRO,MANDARINA
TENAX S.A.,FINCA DON PEDRO,NARANJA
TENAX S.A.,FINCA DON PEDRO,LIMON
TENAX S.A.,FINCA DON PEDRO,NUEZ PECAN
TENAX S.A.,FINCA DON PEDRO,HIGOS
TENAX S.A.,FINCA DON PEDRO,DURAZNO
TENAX S.A.,FINCA DON PEDRO,CIRUELA
TESTONI VICTOR,ARCOS DEL INTI - PRODUCTOR,RAIZ
TESTONI VICTOR,ARCOS DEL INTI - PRODUCTOR,HOJAS
TESTONI VICTOR,ARCOS DEL INTI - PRODUCTOR,FRUTOS
TESTONI VICTOR,ARCOS DEL INTI - PRODUCTOR,CAROZO
TESTONI VICTOR,ARCOS DEL INTI - PRODUCTOR,PEPITA
TESTONI VICTOR,ARCOS DEL INTI - PRODUCTOR,CITRICOS.
"VEXENAT PABLO C., FONTENLA DIEGO A.(AGROINDECO SRL) Y GIACHETTI WALTER",PURO CAMPO,CEREALES Y OLEAGINOSAS Y GANADERIA BOVINA
VIRTUD SA,EL CICLON LOTE 1,MAIZ
VIRTUD SA,EL CICLON LOTE 1,SOJA
VIRTUD SA,EL CICLON LOTE 1,GIRASOL
BUSTAMANTE LUIS,FINCAS DON ROGELIO,UVA
BUSTAMANTE LUIS,FINCAS DON ROGELIO,INCULTO
BUSTAMANTE LUIS,FINCAS DON ROGELIO,PASAS DE UVA
FRUTOS DEL NORTE SA,FRUTOS DEL NORTE S.A.,OLIVOS
LA BUENA VIDA S.R.L.,RIO SINGUIL,MAIZ
LA BUENA VIDA S.R.L.,RIO SINGUIL,POROTO
LA BUENA VIDA S.R.L.,RIO SINGUIL,AMARANTO
LA BUENA VIDA S.R.L.,DON MIGUEL,MAIZ
LA BUENA VIDA S.R.L.,DON MIGUEL,GARBANZO
LA BUENA VIDA S.R.L.,DON MIGUEL,POROTO
LA LUNA DE CATAMARCA SA,GRUPO AO,OLIVOS
LA OVEJERIA CONSTRUCCIONES S.R.L.,EL BAÑADO,CHIA (SALVIA HISPANICA L.)
"LONGO, PASCUAL",PASCUAL LONGO,VID
OLIVARES DE POMAN SA,COMPLEJO OLIVICOLA SAN JOSE,OLIVOS
OLIVAS AL MUNDO S.A.,OLIVAS AL MUNDO (CAMPO),GERANIO
OLIVAS AL MUNDO S.A.,OLIVAS AL MUNDO (CAMPO),PASTO LIMON
OLIVAS AL MUNDO S.A.,OLIVAS AL MUNDO (CAMPO),OREGANO
AGRO PROFESIONAL SA,LOSITA,CEREALES
AGRO PROFESIONAL SA,LOSITA,OLEAGINOSAS Y LEGUMINOSAS
CONOSUR FOODS ARGENTINA SRL,ROBLEDO,GARBANZO
CONOSUR FOODS ARGENTINA SRL,ROBLEDO,GIRASOL
CONOSUR FOODS ARGENTINA SRL,ROBLEDO,MAIZ
CONOSUR FOODS ARGENTINA SRL,ROBLEDO,TRIGO
CONOSUR FOODS ARGENTINA SRL,ROBLEDO,MANI
CONOSUR FOODS ARGENTINA SRL,ROBLEDO,POROTO
CONOSUR FOODS ARGENTINA SRL,ROBLEDO,CHIA
CONOSUR FOODS ARGENTINA SRL,ROBLEDO,AMARANTO
CONOSUR FOODS ARGENTINA SRL,ROBLEDO,SESAMO
CONOSUR FOODS ARGENTINA SRL,ROBLEDO,ARVEJA
DE ZARATE MARCOS SEBASTIAN,MARCOS DE ZARATE,ACELGA
DE ZARATE MARCOS SEBASTIAN,MARCOS DE ZARATE,ESPINACA
DE ZARATE MARCOS SEBASTIAN,MARCOS DE ZARATE,LERCHUGA GALLEGA
DE ZARATE MARCOS SEBASTIAN,MARCOS DE ZARATE,LECHUGA MANTECOSA
DE ZARATE MARCOS SEBASTIAN,MARCOS DE ZARATE,LECHUGA CRESPA
DE ZARATE MARCOS SEBASTIAN,MARCOS DE ZARATE,PEREJIL
DE ZARATE MARCOS SEBASTIAN,MARCOS DE ZARATE,RABANITO
DE ZARATE MARCOS SEBASTIAN,MARCOS DE ZARATE,ESCAROLA FINA
DE ZARATE MARCOS SEBASTIAN,MARCOS DE ZARATE,ZANAHORIA
DE ZARATE MARCOS SEBASTIAN,MARCOS DE ZARATE,ROMERO
DE ZARATE MARCOS SEBASTIAN,MARCOS DE ZARATE,CEBOLLA DE VERDEO
DE ZARATE MARCOS SEBASTIAN,MARCOS DE ZARATE,RUCULA
DE ZARATE MARCOS SEBASTIAN,MARCOS DE ZARATE,CIRUELAS
DE ZARATE MARCOS SEBASTIAN,MARCOS DE ZARATE,DURAZNOS.
FOUNDATION RACHEL Y PAMELA SCHIELE,LAS DOS HERMANAS,TRIGO
FOUNDATION RACHEL Y PAMELA SCHIELE,LAS DOS HERMANAS,MAIZ
FOUNDATION RACHEL Y PAMELA SCHIELE,LAS DOS HERMANAS,SOJA
FOUNDATION RACHEL Y PAMELA SCHIELE,LAS DOS HERMANAS,ALFALFA
FOUNDATION RACHEL Y PAMELA SCHIELE,LAS DOS HERMANAS,CENTENO
FOUNDATION RACHEL Y PAMELA SCHIELE,LAS DOS HERMANAS,GANADERIA BOVINA
FRANCO BATAN Y ROSA SIGISMUNDI S.H.,BIO HONEY,MIEL Y SUBPRODUCTOS DE LA COLMENA
HUANQUI S.A.,ALTOS VERDES,MAIZ
HUANQUI S.A.,ALTOS VERDES,TRIGO
HUANQUI S.A.,ALTOS VERDES,SOJA
LA MECO S.R.L,LA PASCUALINA,TOMILLO
LA MECO S.R.L,LA PASCUALINA,SALVIA
LA MECO S.R.L,LA PASCUALINA,OREGANO
LA MECO S.R.L,LA PASCUALINA,PEREJIL
LA MECO S.R.L,LA PASCUALINA,PUERRO
LA MECO S.R.L,LA PASCUALINA,CEBOLLA
LA MECO S.R.L,LA PASCUALINA,ZANAHORIA
LA MECO S.R.L,LA PASCUALINA,LECHUGA
LA MECO S.R.L,LA PASCUALINA,ACELGA
LA MECO S.R.L,LA PASCUALINA,ZAPALLITO
LA MECO S.R.L,LA PASCUALINA,REMOLACHA
LA MECO S.R.L,LA PASCUALINA,CHOCLO
LA MECO S.R.L,LA PASCUALINA,ZUCCINI
LA MECO S.R.L,LA PASCUALINA,ESPINACA
LA MECO S.R.L,LA PASCUALINA,RABANITO
LA MECO S.R.L,LA PASCUALINA,CHAUCHA
LA MECO S.R.L,LA PASCUALINA,RUCULA
LA MECO S.R.L,LA PASCUALINA,CILANTRO
LA MECO S.R.L,LA PASCUALINA,NABO
LA MECO S.R.L,LA PASCUALINA,PEPINO
LA MECO S.R.L,LA PASCUALINA,APIO
LA MECO S.R.L,LA PASCUALINA,MELON
LA MECO S.R.L,LA PASCUALINA,ZAPALLO
LA MECO S.R.L,LA PASCUALINA,ROMERO
LA MECO S.R.L,LA PASCUALINA,ESPARRAGOS
MARIA ELVIRA SAGASTI,ARCA DEL SOL,CEBADA
MARIA ELVIRA SAGASTI,ARCA DEL SOL,ALFALFA
MARIA ELVIRA SAGASTI,ARCA DEL SOL,VICIA
MARIA ELVIRA SAGASTI,ARCA DEL SOL,RABANITO
MARIA ELVIRA SAGASTI,ARCA DEL SOL,NABO
MARIA ELVIRA SAGASTI,ARCA DEL SOL,REMOLACHA
MARIA ELVIRA SAGASTI,ARCA DEL SOL,RUCULA
MARIA ELVIRA SAGASTI,ARCA DEL SOL,LECHUGA
MARIA ELVIRA SAGASTI,ARCA DEL SOL,PUERRO
MARIA ELVIRA SAGASTI,ARCA DEL SOL,CEBOLLA
OLIVARES Y VIÑEDOS SAN NICOLAS S.A.,OLIVARES Y VIÑEDOS SAN NICOLAS,ACEITUNAS
OLIVARES Y VIÑEDOS SAN NICOLAS S.A.,OLIVARES Y VIÑEDOS SAN NICOLAS,OLIVO
OLIVARES Y VIÑEDOS SAN NICOLAS S.A.,OLIVARES Y VIÑEDOS SAN NICOLAS,MELON
OLIVARES Y VIÑEDOS SAN NICOLAS S.A.,OLIVARES Y VIÑEDOS SAN NICOLAS,TOMATE
OLIVARES Y VIÑEDOS SAN NICOLAS S.A.,OLIVARES Y VIÑEDOS SAN NICOLAS,ZAPALLO
OLIVARES Y VIÑEDOS SAN NICOLAS S.A.,OLIVARES Y VIÑEDOS SAN NICOLAS,CEBOLLA
OLIVARES Y VIÑEDOS SAN NICOLAS S.A.,OLIVARES Y VIÑEDOS SAN NICOLAS,ZANAHORIA
OLIVARES Y VIÑEDOS SAN NICOLAS S.A.,OLIVARES Y VIÑEDOS SAN NICOLAS,MANZANILLA
OLIVARES Y VIÑEDOS SAN NICOLAS S.A.,OLIVARES Y VIÑEDOS SAN NICOLAS,PAPA
OLIVARES Y VIÑEDOS SAN NICOLAS S.A.,OLIVARES Y VIÑEDOS SAN NICOLAS,REMOLACHA
OLIVARES Y VIÑEDOS SAN NICOLAS S.A.,OLIVARES Y VIÑEDOS SAN NICOLAS,ACELGA
OLIVARES Y VIÑEDOS SAN NICOLAS S.A.,OLIVARES Y VIÑEDOS SAN NICOLAS,ESPINACA
OLIVARES Y VIÑEDOS SAN NICOLAS S.A.,OLIVARES Y VIÑEDOS SAN NICOLAS,PIMIENTO
OLIVARES Y VIÑEDOS SAN NICOLAS S.A.,OLIVARES Y VIÑEDOS SAN NICOLAS,LECHUGA
OLIVARES Y VIÑEDOS SAN NICOLAS S.A.,OLIVARES Y VIÑEDOS SAN NICOLAS,PEREJIL
POSTEL SA,LAS GAVIOTAS,TERNEROS
POSTEL SA,LAS GAVIOTAS,VACAS
POSTEL SA,LAS GAVIOTAS,VAQUILLONAS
POSTEL SA,LAS GAVIOTAS,TOROS
PRONUT SRL,LA MORA,CEREALES Y OLEAGINOSAS
RAFAGOS SA,LAS PALOMAS,GARBANZO
RAFAGOS SA,LAS PALOMAS,GIRASOL
RAFAGOS SA,LAS PALOMAS,MAIZ
RAFAGOS SA,LAS PALOMAS,TRIGO
RAFAGOS SA,LAS PALOMAS,MANI
RAFAGOS SA,LAS PALOMAS,POROTO
RAFAGOS SA,LAS PALOMAS,CHIA
RAFAGOS SA,LAS PALOMAS,AMARANTO
RAFAGOS SA,LAS PALOMAS,SESAMO
RAFAGOS SA,LAS PALOMAS,ARVEJAS
RAFAGOS SA,LAS PALOMAS,OLIVAS Y OTROS.   
SARDI JOSE LUIS,COLMENARES ELCANO,NUCLEOS
SARDI JOSE LUIS,COLMENARES ELCANO,COLMENAS
SARDI JOSE LUIS,COLMENARES ELCANO,ALZA MELARIA
WELEDA S.A.,WELEDA,AROMATICAS
ECA  SA,LA VICTORINA,MANDARINA
ECA  SA,LA VICTORINA,NARANJA
FEYEN ROBERTO,MARIA ANGELICA,LIMON
GONCALVEZ ARTURO ELIAS,ESTANCIA SANTA ANA,INCULTO
GONCALVEZ ARTURO ELIAS,ESTANCIA SANTA ANA,ARROZ
GUIDOBONO JOSE MARIA,CAMPO AFUERA,ARROZ
GUIDOBONO JOSE MARIA,TUNAS,ARROZ
KITASAN S.A.,KITASAN,ARROZ
KITASAN S.A.,KITASAN,CAMPO NATURAL
RIGO MARQUES GILMAR,PIRAYU,INCULTO
RIGO MARQUES GILMAR,PIRAYU,DESCANSO
RIGO MARQUES GILMAR,PIRAYU,ARROZ
RIGO MARQUES GILMAR,PIRAYU,MONTE
"RODRIGUEZ BASIGALUP , HECTOR M.",LIMONES DEL SOL 1 Y 2,LIMON
BIO AGRICULTORES S.A.,CAMPO CHACO,ZAPALLO
BIO AGRICULTORES S.A.,CAMPO CHACO,DESCANSO
BIO AGRICULTORES S.A.,CAMPO CHACO,INCULTO
BIO AGRICULTORES S.A.,CAMPO PALOMO,ZAPALLO
BIO AGRICULTORES S.A.,CAMPO PALOMO,CAMPO NATURAL
CODUTTI DANIEL HUGO,CAMPO VALUSSI - CAMPO ROSSO,ALZA MELARIA
CODUTTI DANIEL HUGO,CAMPO VALUSSI - CAMPO ROSSO,COLMENAS
CODUTTI DANIEL HUGO,CAMPO VALUSSI - CAMPO ROSSO,NUCLEOS
DIAZ RAFAEL JAVIER,EL CHILCAL,ARROZ
DIAZ RAFAEL JAVIER,EL CHILCAL,INCULTO
ECA S.A.,ZONA GRAL SAN MARTIN DE RECOLECCION SILVESTRE,POMELO
FABIO J PAVON,COLMENARES DON DALMACIO,MIEL Y SUBPRODUCTOS DE LA COLMENA
GONZALEZ ROQUE O. Y COOPSOL LTDA.,APIARIO BF,MIEL Y SUBPRODUCTOS DE LA COLMENA
HOLGADO LEONCIO Y COOPSOL LTDA.,APIARIO BG,MIEL Y SUBPRODUCTOS DE LA COLMENA
LA VICTORIA SRL,LA MANDARINA,ARROZ
RIMONDINO ENRIQUE,MIEL DE MONTE,NUCLEOS
RIMONDINO ENRIQUE,MIEL DE MONTE,COLMENAS
RIMONDINO ENRIQUE,MIEL DE MONTE,ALZA MELARIA
RIMONDINO ENRIQUE,MIEL DE MONTE,CERA
RODRIGUEZ ROSA A. Y COOPSOL LTDA.,APIARIO BI,MIEL Y SUBPRODUCTOS DE LA COLMENA
RUIZ ELVIO Y COOPSOL LTDA.,APIARIO BH,MIEL Y SUBPRODUCTOS DE LA COLMENA
14 DE ABRIL S.R.L.,LA LAURITA,VACAS
14 DE ABRIL S.R.L.,LA LAURITA,TOROS
ANTONELLA TORRACA Y OTROS S.H.,SAN JOSE,OVEJAS
ANTONELLA TORRACA Y OTROS S.H.,SAN JOSE,LANA SUCIA
ANTONELLA TORRACA Y OTROS S.H.,SAN JOSE,CAPONES
ANTONELLA TORRACA Y OTROS S.H.,SAN JOSE,BORREGAS
ANTONELLA TORRACA Y OTROS S.H.,SAN JOSE,BORREGOS
ANTONELLA TORRACA Y OTROS S.H.,SAN JOSE,CARNEROS
ANTONELLA TORRACA Y OTROS S.H.,EL FREDE,LANA SUCIA
ANTONELLA TORRACA Y OTROS S.H.,EL FREDE,CAPONES
ANTONELLA TORRACA Y OTROS S.H.,EL FREDE,OVEJAS
ANTONELLA TORRACA Y OTROS S.H.,EL FREDE,CARNEROS
BARDAS BLANCAS S.A.,DON JOSE,LANA SUCIA
BARDAS BLANCAS S.A.,DON JOSE,GUANACOS
COMINAGRO GANADERA S.A.,MALLIN NEVADO-LOS RURALES-RANCHO GDE.-LA BLANCA,LANA SUCIA
COMINAGRO GANADERA S.A.,MALLIN NEVADO-LOS RURALES-RANCHO GDE.-LA BLANCA,CARNEROS
COMINAGRO GANADERA S.A.,MALLIN NEVADO-LOS RURALES-RANCHO GDE.-LA BLANCA,BORREGAS
COMINAGRO GANADERA S.A.,MALLIN NEVADO-LOS RURALES-RANCHO GDE.-LA BLANCA,OVEJAS
COMINAGRO GANADERA S.A.,MALLIN NEVADO-LOS RURALES-RANCHO GDE.-LA BLANCA,CAPONES
COMINAGRO GANADERA S.A.,MALLIN NEVADO-LOS RURALES-RANCHO GDE.-LA BLANCA,BORREGOS
COMPANIA DE TIERRAS TECKA S.A.,TECKA,TERNEROS
COMPANIA DE TIERRAS TECKA S.A.,TECKA,NOVILLOS
COMPANIA DE TIERRAS TECKA S.A.,TECKA,TOROS
COMPANIA DE TIERRAS TECKA S.A.,TECKA,VACAS
COMPANIA DE TIERRAS TECKA S.A.,TECKA,VAQUILLONAS
COMPAÑIA DE TIERRAS SUD ARGENTINO SA,ESTANCIA MONTOSO,GANADERIA BOVINA
COMPAÑIA DE TIERRAS SUD ARGENTINO SA,ESTANCIA MONTOSO,GANADERIA OVINA (CARNE Y LANA)
CUADRADA PRODUCTIONS S.R.L.,BAJADA DEL RADAL,ROSA MOSQUETA
CUYEN SRL,CUYEN,CASSIS
CUYEN SRL,CUYEN,FRAMBUESA
CUYEN SRL,CUYEN,MORA
CUYEN SRL,CUYEN,GROSELLA
CUYEN SRL ,CHACRA MICUCCI,CASSIS
CUYEN SRL ,CHACRA MICUCCI,FRAMBUESA
CUYEN SRL ,CHACRA MICUCCI,MORA
EL REZONGO SH,RAGOBET (ANIMAL),LANA SUCIA
EL REZONGO SH,RAGOBET (ANIMAL),OVEJAS
EL REZONGO SH,RAGOBET (ANIMAL),BORREGAS
EL REZONGO SH,RAGOBET (ANIMAL),CORDEROS
EL REZONGO SH,RAGOBET (ANIMAL),CAPONES
EL REZONGO SH,RAGOBET (ANIMAL),CARNEROS
EPIGRAN S.A.,LAS MERCEDES Y SECCION LA PALOMA,VACAS
EPIGRAN S.A.,LAS MERCEDES Y SECCION LA PALOMA,VAQUILLONAS
EPIGRAN S.A.,LAS MERCEDES Y SECCION LA PALOMA,TOROS
EPIGRAN S.A.,LAS MERCEDES Y SECCION LA PALOMA,TERNEROS
FUHRMANN S.A,LAS VIOLETAS,OVEJAS
FUHRMANN S.A,LAS VIOLETAS,LANA SUCIA
FUHRMANN S.A,LAS VIOLETAS,BORREGOS
FUHRMANN S.A,LAS VIOLETAS,BORREGAS
FUHRMANN S.A,LAS VIOLETAS,CARNEROS
FUHRMANN S.A,LAS VIOLETAS,CAPONES
FUHRMANN S.A,SOFIA,LANA SUCIA
FUHRMANN S.A,SOFIA,OVEJAS
FUHRMANN S.A,SOFIA,BORREGOS
FUHRMANN S.A,SOFIA,CAPONES
FUHRMANN S.A,SOFIA,CARNEROS
FUHRMANN S.A,LA SUSANA,OVEJAS
FUHRMANN S.A,LA SUSANA,LANA SUCIA
FUHRMANN S.A,LA SUSANA,BORREGOS
FUHRMANN S.A,LA SUSANA,BORREGAS
FUHRMANN S.A,LA SUSANA,CAPONES
GALLIA MARCO,SAN JORGE,OVEJAS
GALLIA MARCO,SAN JORGE,CAPONES
GALLIA MARCO,SAN JORGE,CARNEROS
GALLIA MARCO,SAN JORGE,CORDEROS
GANADERA VALLE HUEMULES S.A.,VALLE HUEMULES,TOROS
GANADERA VALLE HUEMULES S.A.,VALLE HUEMULES,VACAS
GANADERA VALLE HUEMULES S.A.,VALLE HUEMULES,TERNEROS
GANADERA VALLE HUEMULES S.A.,VALLE HUEMULES,TERNERAS
GARCIA SALVADOR O.,SAN GENARO,LANA SUCIA
GARCIA SALVADOR O.,SAN GENARO,OVEJAS
GARCIA SALVADOR O.,SAN GENARO,BORREGAS
GARCIA SALVADOR O.,SAN GENARO,CAPONES
GARCIA SALVADOR O.,SAN GENARO,BORREGOS
GARCIA SALVADOR O.,SAN GENARO,CARNEROS
GORDON MARY ANN Y RIBAYA EDUARDO SH,ELVIRA,LANA SUCIA
GORDON MARY ANN Y RIBAYA EDUARDO SH,ELVIRA,OVEJAS
GORDON MARY ANN Y RIBAYA EDUARDO SH,ELVIRA,CAPONES
GORDON MARY ANN Y RIBAYA EDUARDO SH,ELVIRA,BORREGOS
GORDON MARY ANN Y RIBAYA EDUARDO SH,ELVIRA,BORREGAS
GORDON MARY ANN Y RIBAYA EDUARDO SH,ELVIRA,CARNEROS
GUENGUEL S.R.L.,EL RELINCHO - LINDO PARAJE - EL PICADERO,GUANACOS
HIERBAS PATAGONICAS SRL,LA ASCENSION,PARAMELA
IANNINI S.A.,EL PICHE - SAN AMBROSIO,VAQUILLONAS
IANNINI S.A.,EL PICHE - SAN AMBROSIO,VACAS
IANNINI S.A.,EL PICHE - SAN AMBROSIO,TOROS
IANNINI S.A.,EL PICHE - SAN AMBROSIO,TERNEROS
JUAN CARLOS PAGASARTUNDUA Y J.N.P SH,LA SALINA - SIERRA FRIA Y LA PELIGROSA,VACAS
JUAN CARLOS PAGASARTUNDUA Y J.N.P SH,LA SALINA - SIERRA FRIA Y LA PELIGROSA,VAQUILLONAS
JUAN CARLOS PAGASARTUNDUA Y J.N.P SH,LA SALINA - SIERRA FRIA Y LA PELIGROSA,TERNERAS
JUAN CARLOS PAGASARTUNDUA Y J.N.P SH,LA SALINA - SIERRA FRIA Y LA PELIGROSA,NOVILLOS
JUAN CARLOS PAGASARTUNDUA Y J.N.P SH,LA SALINA - SIERRA FRIA Y LA PELIGROSA,TOROS
JUAN MAZQUIARAN E HILDA VERDE SH,CAÑADON TACHO,OVEJAS
JUAN MAZQUIARAN E HILDA VERDE SH,CAÑADON TACHO,BORREGAS
JUAN MAZQUIARAN E HILDA VERDE SH,CAÑADON TACHO,CORDEROS
JUAN MAZQUIARAN E HILDA VERDE SH,CAÑADON TACHO,CAPONES
JUAN MAZQUIARAN E HILDA VERDE SH,CAÑADON TACHO,CARNEROS
LA ALTURA SH,LA ALTURA,OVEJAS
LA ALTURA SH,LA ALTURA,LANA SUCIA
LA ALTURA SH,LA ALTURA,BORREGAS
LA ALTURA SH,LA ALTURA,BORREGOS
LA ALTURA SH,LA ALTURA,CAPONES
LA ALTURA SH,LA ALTURA,CARNEROS
LA ELISITA S.A.,LA ELISITA Y EL CHANGUITO,LANA SUCIA
LA ELISITA S.A.,LA ELISITA Y EL CHANGUITO,CARNEROS
LA ELISITA S.A.,LA ELISITA Y EL CHANGUITO,BORREGAS
LA ELISITA S.A.,LA ELISITA Y EL CHANGUITO,CAPONES
LA ELISITA S.A.,LA ELISITA Y EL CHANGUITO,BORREGOS
LA ELISITA S.A.,LA ELISITA Y EL CHANGUITO,OVEJAS
"LOPEZ, CLAUDIA BEATRIZ",CBL,CASSIS
"LOPEZ, CLAUDIA BEATRIZ",CBL,FRAMBUESA
"LOPEZ, CLAUDIA BEATRIZ",CBL,MORA
"LOPEZ, CLAUDIA BEATRIZ",CBL,GROSELLA
"LOPEZ, CLAUDIA BEATRIZ",CBL,SAUCO
MAMINA SRL,ESTABLECIMIENTO MAMINA,FRAMBUESA
MAMINA SRL,ESTABLECIMIENTO MAMINA,BOYSENBERRY
MAMINA SRL,ESTABLECIMIENTO MAMINA,CASSIS
MAMINA SRL,ESTABLECIMIENTO MAMINA,MORA
MAMINA SRL,ESTABLECIMIENTO MAMINA,GUINDA
MAMINA SRL,ESTABLECIMIENTO MAMINA,SAUCO
MAMINA SRL,ESTABLECIMIENTO MAMINA,AVELLANO
MAMINA SRL,ESTABLECIMIENTO MAMINA,CORINTO
MAZQUIARAN NELSON,LA ANGELITA (ANIMAL),CARNEROS
MAZQUIARAN NELSON,LA ANGELITA (ANIMAL),OVEJAS
MAZQUIARAN NELSON,LA ANGELITA (ANIMAL),CAPONES
MAZQUIARAN NELSON,LA ANGELITA (ANIMAL),CORDEROS
MOTTINO CARLOS ANGEL,LOS MANANTIALES (ANIMAL),VACAS
PARALELO 42  S.A.,VALLE DEL MEDIO,MONTE
PARALELO 42  S.A.,VALLE DEL MEDIO,FRUTILLA
PARALELO 42  S.A.,VALLE DEL MEDIO,FRAMBUESA
PARALELO 42  S.A.,VALLE DEL MEDIO,GROSELLA
PARALELO 42  S.A.,VALLE DEL MEDIO,CORINTO
PARALELO 42  S.A.,VALLE DEL MEDIO,SAUCO
PARALELO 42  S.A.,VALLE DEL MEDIO,CEREZA
PARALELO 42  S.A.,VALLE DEL MEDIO,CAMPO NATURAL
PARALELO 42  S.A.,VALLE DEL MEDIO,GUINDAS
PARALELO 42  S.A.,VALLE DEL MEDIO,CASSIS
PARALELO 42  S.A.,VALLE DEL MEDIO,ZARZAMORA
PARALELO 42  S.A.,VALLE DEL MEDIO,ARANDANO
PATAGONIA IND. LANAR S.A.C.I.F.I. Y A.,CARIDAD,CAPONES
PUNTA QUIROGA S.A.,DON FRANCISCO,CARNEROS
PUNTA QUIROGA S.A.,DON FRANCISCO,LANA SUCIA
PUNTA QUIROGA S.A.,DON FRANCISCO,CAPONES
PUNTA QUIROGA S.A.,DON FRANCISCO,OVEJAS
PUNTA QUIROGA S.A.,DON FRANCISCO,BORREGAS
PUNTA QUIROGA S.A.,DON FRANCISCO,BORREGOS
PUNTA QUIROGA S.A.,DON FRANCISCO,CORDEROS
RAICES PATAGONICAS S.A.,EL MIRABUENO (ANIMAL),LANA SUCIA
RAICES PATAGONICAS S.A.,EL MIRABUENO (ANIMAL),OVEJAS
RAICES PATAGONICAS S.A.,EL MIRABUENO (ANIMAL),CAPONES
RAICES PATAGONICAS S.A.,EL MIRABUENO (ANIMAL),CARNEROS
RAICES PATAGONICAS S.A.,EL MIRABUENO (ANIMAL),BORREGOS
ROSA PATAGONICA S.A.,ROSA PATAGONICA,ROSA MOSQUETA
ROSA PATAGONICA S.A.,ROSA PATAGONICA,MORILLAS Y HIPERICOM
ROSANA N. PORCU,CAMINO VIEJO,FRAMBUESA
ROSANA N. PORCU,CAMINO VIEJO,FRUTILLA
ROSANA N. PORCU,CAMINO VIEJO,ROSA MOSQUETA
SCHULZE HERNAN LEO,LAS MELLIZAS Y SECCION LA BUENA FE (ANIMAL),OVEJAS
SCHULZE HERNAN LEO,LAS MELLIZAS Y SECCION LA BUENA FE (ANIMAL),LANA SUCIA
SCHULZE HERNAN LEO,LAS MELLIZAS Y SECCION LA BUENA FE (ANIMAL),CAPONES
SCHULZE HERNAN LEO,LAS MELLIZAS Y SECCION LA BUENA FE (ANIMAL),CARNEROS
SCHULZE HERNAN LEO,LAS MELLIZAS Y SECCION LA BUENA FE (ANIMAL),BORREGAS
SCHULZE HERNAN LEO,LAS MELLIZAS Y SECCION LA BUENA FE (ANIMAL),BORREGOS
SORIANO SACIFIA Y DE M,BAHIA BUSTAMANTE,ALGAS MARINAS
SUCESORES DE RAMON LORENZO Y OTROS,LA NICOLASA,VACAS
SUCESORES DE RAMON LORENZO Y OTROS,LA NICOLASA,VAQUILLONAS
SUCESORES DE RAMON LORENZO Y OTROS,LA NICOLASA,NOVILLOS
SUCESORES DE RAMON LORENZO Y OTROS,LA NICOLASA,TERNEROS
SUCESORES DE RAMON LORENZO Y OTROS,LA NICOLASA,TERNERAS
SUCESORES DE RAMON LORENZO Y OTROS,LA NICOLASA,TOROS
TIRSO FERNANDEZ  PEÑA,EL RISCOSO,OVEJAS
TIRSO FERNANDEZ  PEÑA,EL RISCOSO,LANA SUCIA
TIRSO FERNANDEZ  PEÑA,EL RISCOSO,BORREGAS
TIRSO FERNANDEZ  PEÑA,EL RISCOSO,CAPONES
TIRSO FERNANDEZ  PEÑA,EL RISCOSO,CARNEROS
TORRES FEDERICO PATRICIO,LAS TIJERAS,OVEJAS
TORRES FEDERICO PATRICIO,LAS TIJERAS,BORREGAS
TORRES FEDERICO PATRICIO,LAS TIJERAS,BORREGOS
TORRES FEDERICO PATRICIO,LAS TIJERAS,CAPONES
TORRES FEDERICO PATRICIO,LAS TIJERAS,CARNEROS
VIÑAS MARIA TERESA,POZO HONDO (ANIMAL),LANA SUCIA
VIÑAS MARIA TERESA,POZO HONDO (ANIMAL),OVEJAS
VIÑAS MARIA TERESA,POZO HONDO (ANIMAL),CAPONES
VIÑAS MARIA TERESA,POZO HONDO (ANIMAL),CARNEROS
VIÑAS MARIA TERESA,POZO HONDO (ANIMAL),BORREGOS
VIÑAS MARIA TERESA,POZO HONDO (ANIMAL),BORREGAS
AGROYATAY S.R.L.,LA MARGARITA,GIRASOL AO
AGROYATAY S.R.L.,LA MARGARITA,SORGO BLANCO
AGROYATAY S.R.L.,LA MARGARITA,MIJO
AGROYATAY S.R.L.,LA MARGARITA,MAIZ PISINGALLO
AGROYATAY S.R.L.,LA MARGARITA,LINO DORADO
BOTTEGAL JUAN ANGEL Y BOTTEGAL JULIO CESAR S.H.,ZONA DE ISLAS ENTRE RIOS,MIEL + EXTRACCION DE MIEL Y ESTAMPADO DE CERA
CAMAÑO JULIO,SAN ANTONIO,INCULTO
CAMAÑO JULIO,SAN ANTONIO,CAMPO NATURAL
CAMAÑO JULIO,SAN ANTONIO,MONTE
CAMAÑO JULIO,SAN ANTONIO,STEVIA
CAMINOS DE JUSTO SA.,CAMINOS DE JUSTO,NARANJA
CAMINOS DE JUSTO SA.,CAMINOS DE JUSTO,LIMON
CAMINOS DE JUSTO SA.,CAMINOS DE JUSTO,MANDARINA
CAMINOS DE JUSTO SA.,CAMINOS DE JUSTO,POMELO
CAMPO MALAMBO S.A.,CAMPO MALAMBO,MAIZ Y LINO
CAUPOLICAN S.R.L.,LA CATALINA,CEREALES Y OLEAGINOSAS
ECA  SA,LA 83,LIMON
ECA  SA,LA 83,NARANJA
ESTANCIA LAGUNA BLANCA S.A.,LAGUNA BLANCA,LINO
ESTANCIA LAGUNA BLANCA S.A.,LAGUNA BLANCA,CEBADA
ESTANCIA LAGUNA BLANCA S.A.,LAGUNA BLANCA,CENTENO
ESTANCIA LAGUNA BLANCA S.A.,LAGUNA BLANCA,TRITICALE
ESTANCIA LAGUNA BLANCA S.A.,LAGUNA BLANCA,SOJA
ESTANCIA LAGUNA BLANCA S.A.,LAGUNA BLANCA,MAIZ
ESTANCIA LAGUNA BLANCA S.A.,LAGUNA BLANCA,MOSTAZA
FIDEICOMISO ARANDANOS DEL HEMISFERIO SUR,FIDEICOMISO ARANDANOS DEL HEMISFERIO SUR,ARANDANOS
FIGUEROA BUNGE MARIANO,LA EVANGELINA,CAMPO NATURAL
FIGUEROA BUNGE MARIANO,LA EVANGELINA,MAIZ PISINGALLO
FIGUEROA BUNGE MARIANO,LA EVANGELINA,GIRASOL CONFITERO
FUCHINECO LUIS ALBERTO,ALMA MIA,ARROZ
GRACIA LUZ DON,LA ESMERADA,NUEZ PECAN
GRACIA LUZ DON,LA ESMERADA,STEVIA
GRACIA LUZ DON,LA ESMERADA,FRUTALES
GUIDOBONO JOSE MARIA,LA URBANA,ARROZ
GUIDOBONO JOSE MARIA,SAN PEDRO,ARROZ
GUILLERMO JAUCK Y HERMANOS SOCIEDAD DE HECHO,LA CAROLINA,LINO DORADO
GUILLERMO JAUCK Y HERMANOS SOCIEDAD DE HECHO,MONTEVERDI,LINO DORADO
GUILLERMO JAUCK Y HERMANOS SOCIEDAD DE HECHO,MEICHTRY,LINO MARRON
GUILLERMO JAUCK Y HERMANOS SOCIEDAD DE HECHO,LA BLANCA,LINO MARRON
GUILLERMO JAUCK Y HERMANOS SOCIEDAD DE HECHO,LISFCHITZ,LINO MARRON Y LINO DORADO
GUILLERMO JAUCK Y HERMANOS SOCIEDAD DE HECHO,EL TAJAMAR,CORIANDRO
IGFO SA,LA ESPERANZA,LIMON
IGFO SA,LA ESPERANZA,NARANJA
IGFO SA ,EL TRIANGULO,NARANJA
KUMAGRO S.A.,LA UNION,TRIGO
KUMAGRO S.A.,LA UNION,SOJA
KUMAGRO S.A.,"SANTA MARIA ""B""",SOJA
KUMAGRO S.A.,"SANTA MARIA ""B""",MAIZ
LA LOMA ALIMENTOS S.A.,EL TALITA,ARROZ
MAGNO S.A.,LAS ACHURAS,SORGO
MAGNO S.A.,LAS ACHURAS,TRIGO
MAGNO S.A.,LAS ACHURAS,ARROZ
MAGNO S.A.,LOTE PLANTA MANTEROS,SORGO
NEOFARMS S.R.L. / GUIDOBONO JOSE MARIA / CALERO GUILLERMO,LA EMILIA (EX LA PRIMAVERA),SORGO
"NEOFARMS SRL/GUIDOBONO JOSE MARIA/CALERO GUILLERMO,",POOL CONSORCIO - UNIDAD A,CAMPO NATURAL
"NEOFARMS SRL/GUIDOBONO JOSE MARIA/CALERO GUILLERMO,",POOL CONSORCIO - UNIDAD B,CAMPO NATURAL
"NEOFARMS SRL/GUIDOBONO JOSE MARIA/CALERO GUILLERMO,",POOL CONSORCIO - UNIDAD C,CAMPO NATURAL
"NEOFARMS SRL/GUIDOBONO JOSE MARIA/CALERO GUILLERMO,",POOL CONSORCIO - UNIDAD D,CAMPO NATURAL
"NEOFARMS SRL/GUIDOBONO JOSE MARIA/CALERO GUILLERMO,",POOL CONSORCIO - UNIDAD E,CAMPO NATURAL
SALDUNA PEDRO JORGE - SALDUNA PEDRO,SANTA DOMINGA,LINO Y ARROZ
SOCAS CARLOS MARIA,LA MARMOL - SAN PANCHO,VACAS
SOCAS CARLOS MARIA,LA MARMOL - SAN PANCHO,VAQUILLONAS
SOCAS CARLOS MARIA,LA MARMOL - SAN PANCHO,TERNERAS
SOCAS CARLOS MARIA,LA MARMOL - SAN PANCHO,TOROS
SOCAS CARLOS MARIA,LA MARMOL - SAN PANCHO,TERNEROS
SOCAS CARLOS MARIA,LA MARMOL - SAN PANCHO,NOVILLOS
STIVANELLO JUAN CARLOS,JUAN CARLOS STIVANELLO (FINCA),NARANJA
STIVANELLO JUAN CARLOS,JUAN CARLOS STIVANELLO (FINCA),MANDARINA
STIVANELLO JUAN CARLOS,JUAN CARLOS STIVANELLO (FINCA),LIMON
STIVANELLO JUAN CARLOS,JUAN CARLOS STIVANELLO (FINCA),DURAZNO
STIVANELLO JUAN CARLOS,JUAN CARLOS STIVANELLO (FINCA),CIRUELA
STIVANELLO JUAN CARLOS,JUAN CARLOS STIVANELLO (FINCA),MAIZ
STIVANELLO JUAN CARLOS,JUAN CARLOS STIVANELLO (FINCA),TOMATE
STIVANELLO JUAN CARLOS,JUAN CARLOS STIVANELLO (FINCA),POMELO
TIANA S.A.,TIANA S.A.,AGRICULTURA
WOLFF GUSTAVO ALFREDO,LOS NOGALES,NUEZ PECAN
CORONEL ALEJANDRO ANIBAL,PURO ALOE,ALOE VERA
CORONEL ALEJANDRO ANIBAL,PURO ALOE,PASTIZAL NATURAL
CORONEL ALEJANDRO ANIBAL,PURO ALOE,INCULTO
ISLA PUEN SRL,ISLA PUEN,BANANO
ISLA PUEN SRL,ISLA PUEN,MANGO
ISLA PUEN SRL,ISLA PUEN,FRUTAS TROPICALES
UTE BV S.A.,EL CANADIENSE,POMELO
UTE BV S.A.,EL CANADIENSE,INCULTO
ADROVER TRISTAN,FINCA LA ESCONDIDA,CAÑA DE AZUCAR
ADROVER TRISTAN,FINCA LA ESCONDIDA,DESCANSO
ALCONOR S.A.,EL INFANTE,CAÑA DE AZUCAR
AYNI S.A.,LA COLORADA,CAMPO NATURAL
AYNI S.A.,LA COLORADA,ALFALFA
BLANCO HUGO ROBERTO,EL VASCO,CHIA (SALVIA HISPANICA L)
BLANCO HUGO ROBERTO,EL VASCO,CAMPO NATURAL
CAMPO ALEGRE S.A.,FINCA CAMPO ALEGRE,CAÑA DE AZUCAR
CAMPO ALEGRE S.A.,FINCA CAMPO ALEGRE,MAIZ PISINGALLO
CAMPO ALEGRE S.A.,FINCA CAMPO ALEGRE,MAIZ
CAMPO ALEGRE S.A.,FINCA CAMPO ALEGRE,POROTO COLORADO
CAMPO ALEGRE S.A.,FINCA CAMPO ALEGRE,POROTO NEGRO
COOPERATIVA DE PRODUCTORES APICOLA DE JUJUY LTDA.,COOPERATIVA DE PRODUCTORES DE MIELES DE JUJUY,ALZA MELARIA
EL OMBU SRL,FINCA FIORINI,CAÑA DE AZUCAR
EL OMBU SRL,FINCA FIORINI,INCULTO
EMECINCO S.A.,FINCA LOS PLATANOS,CHIA (SALVIA HISPANICA L)
EMECINCO S.A.,FINCA LOS PLATANOS,MONTE
FINCA EL PONGO - HPTAL. ARTURO ZABALA,FINCA EL PONGO,CAÑA DE AZUCAR
FINCA LAS MERCEDES SRL,FINCA LAS MERCEDES,CAÑA DE AZUCAR
GARELY S.A.,LOS PUENTES,TRIGO
HAROIAN NELSON EDGARDO,FINCA EL OLLERO,CAÑA DE AZUCAR
HAROIAN NELSON EDGARDO,FINCA EL OLLERO,MONTE
HAROIAN NELSON EDGARDO,FINCA PAMPA BLANCA,CAÑA DE AZUCAR
HAROIAN NELSON EDGARDO,FINCA PAMPA BLANCA,INCULTO
INGENIO LA ESPERANZA S.A.,INGENIO LA ESPERANZA,CAÑA DE AZUCAR
INKLEMONA DE BALUT ROSA,FINCA LAS PICHANAS,CAÑA DE AZUCAR
INKLEMONA DE BALUT ROSA,FINCA LAS PICHANAS,INCULTO
LA PROVIDENCIA SRL,LA PROVIDENCIA,CAÑA DE AZUCAR
LA PROVIDENCIA SRL,LA PROVIDENCIA,MONTE
LA PROVIDENCIA SRL,LA PROVIDENCIA,CAMPO NATURAL
MORALES GUSTAVO ROBERTO,FINCA MORALES,CAÑA DE AZUCAR
MORALES GUSTAVO ROBERTO,FINCA MORALES,FORESTALES
MORALES GUSTAVO ROBERTO,FINCA MORALES,INCULTO
PALMA SOLA FARMS S.R.L,PALMA SOLA,SESAMO
PALMA SOLA FARMS S.R.L,PALMA SOLA,POROTO NEGRO
PALMA SOLA FARMS S.R.L,PALMA SOLA,MONTE
PALMA SOLA FARMS S.R.L,PALMA SOLA,POROTO COLORADO
PALMA SOLA FARMS S.R.L,PALMA SOLA,CHIA (SALVIA HISPANICA L)
EDCO GRAINS S.A.,SAN JUAN,GIRASOL
EDCO GRAINS S.A.,SAN JUAN,POROTO MUNG
EL MAITEN S.R.L.,EL ALFILERILLO / EL REMOLINO / DON PEDRO / BARUSO / EL MORRO,COLMENAS
EL MAITEN S.R.L.,EL ALFILERILLO / EL REMOLINO / DON PEDRO / BARUSO / EL MORRO,NUCLEOS
EL MAITEN S.R.L.,EL ALFILERILLO / EL REMOLINO / DON PEDRO / BARUSO / EL MORRO,ALZA MELARIA
LOS AMIGOS S.H.,DON SERAFIN - EL CARMEL,ALZA MELARIA
LOS AMIGOS S.H.,DON SERAFIN - EL CARMEL,COLMENAS
LOS AMIGOS S.H.,DON SERAFIN - EL CARMEL,NUCLEOS
"BELLAN, EDGARDO CHARBEL MARIA",LAS TRES MARIAS,VID
"BELLAN, EDGARDO CHARBEL MARIA",LAS TRES MARIAS,OLIVOS
BELLIA JOSE LUIS,AGROVID,VID
BELLIA JOSE LUIS,AGROVID,OLIVOS
"CAPECE, LORENZO OSVALDO",LA ALBORADA,VID
"CAPECE, LORENZO OSVALDO",LA ALBORADA,OLIVOS
CLEAN INVESTMENT SA,EL RETAMO,JOJOBA
CLEAN INVESTMENT SA,SAN AMBROSIO Y  DON JESUS,JOJOBA
CONCESIONARIA DE FINCAS EL RENUEVO S.A.,FINCAS EL RENUEVO,MONTE
CONCESIONARIA DE FINCAS EL RENUEVO S.A.,FINCAS EL RENUEVO,OLIVO
CONCESIONARIA DE FINCAS EL RENUEVO S.A.,FINCAS EL RENUEVO,GRANADO
CONCESIONARIA DE FINCAS EL RENUEVO S.A.,FINCAS EL RENUEVO,ALGARROBO
CONCESIONARIA DE FINCAS EL RENUEVO S.A.,FINCAS EL RENUEVO,LAUREL
COOPERATIVA VITIVINIFRUTICOLA  LA RIOJANA LTDA.,FINCA CIUDADELA,VID
COOPERATIVA VITIVINIFRUTICOLA  LA RIOJANA LTDA.,FINCA CIUDADELA II (EXFEDERADA RIOJANA SA),VID
COOPERATIVA VITIVINIFRUTICOLA  LA RIOJANA LTDA.,FINCA CIUDADELA II (EXFEDERADA RIOJANA SA),OLIVOS
COOPERATIVA VITIVINIFRUTICOLA  LA RIOJANA LTDA.,PARCELA 12,VID
COOPERATIVA VITIVINIFRUTICOLA  LA RIOJANA LTDA.,PARCELA 12,OLIVOS
COVARRUBIAS SA,COVARRUBIAS,VID
COVARRUBIAS SA,COVARRUBIAS,NOGALES
"DE LA VEGA, EDUARDO DANIEL",MARTA ELENA,VID
"DE LA VEGA, EDUARDO DANIEL",MARTA ELENA,OLIVOS
EMPRENDIMIENTOS DEL NORTE SRL ,FINCA LA ANDALUZA,OLIVOS
FINCA CERES SRL,FINCA CERES (EX-AGRICOLA SAN CAYETANO 3),VID
FINCA CERES SRL,FINCA CERES (EX-AGRICOLA SAN CAYETANO 3),OLIVOS
FINCA CERES SRL,FINCA CERES (EX-AGRICOLA SAN CAYETANO 6),OLIVOS
FREZZI SACIAG,FINCA FREZZI II,PASAS DE UVA
FREZZI SACIAG,FINCA FREZZI,VID
FREZZI SACIAG,FINCA FREZZI,OLIVOS
FUERTE DEL BAÑADO S.A.,FUERTE DEL BAÑADO,JOJOBA
"GARROT, CARLOS PEDRO",FINCA SANTA GUALBERTA,VID
"GONZALEZ RODRIGUEZ, GERMAN",DON BERNABE,VD
"GONZALEZ RODRIGUEZ, GERMAN",DON BERNABE,OLIVOS
"GONZALEZ, MARIO HERNAN",EX-BERETTA,VID
"GONZALEZ, MARIO HERNAN",EX-MORENO,VID
"GONZALEZ, MARIO HERNAN",EX-MORENO,OLIVOS
"GONZALEZ, MARIO HERNAN",NUEVA,VID
"GONZALEZ, MARIO HERNAN",NUEVA,OLIVOS
INDUSTRIAS QUIMICAS Y MINERAS TIMBO S.A.,FINCA TIMBO RIOJANA,OLIVO
INDUSTRIAS QUIMICAS Y MINERAS TIMBO S.A.,FINCA TIMBO RIOJANA,PEREJIL
INDUSTRIAS QUIMICAS Y MINERAS TIMBO S.A.,FINCA TIMBO RIOJANA,AJI
INDUSTRIAS QUIMICAS Y MINERAS TIMBO S.A.,FINCA TIMBO RIOJANA,ACEITUNAS
INDUSTRIAS QUIMICAS Y MINERAS TIMBO S.A.,FINCA TIMBO RIOJANA,INCULTO
"IRIARTE, DANIEL",FINCA LAS ROSAS (IRIARTE),VID
"LARGUIA, JONAS",FINCA LA NUESTRA,VID
"LARGUIA, JONAS",FINCA LA NUESTRA,OLIVOS
MAELCA S.A.,LOS RANQUELES,NOGALES
MAELCA S.A.,LOS RANQUELES,CASTAÑA
MAELCA SA,LOS CERRILLOS,OLIVOS
MAELCA SA,LOS CERRILLOS,VID
MAELCA SA,LOS CERRILLOS,MELON
MAELCA SA,LOS CERRILLOS,SANDIA
MAELCA SA,LOS CERRILLOS,TOMATE
MAELCA SA,LOS CERRILLOS,MAIZ
MAELCA SA,LOS CERRILLOS,ZAPALLO
MAELCA SA,LOS CERRILLOS,BATATA
OLIVARES S.A.,OLIVARES S.A.,VID
OLIVARES S.A.,OLIVARES S.A.,OLIVOS
OLIVOS ARGENTINOS SA,LA AGUADA,OLIVOS
OLIVOS ARGENTINOS SA,SANTA FE,OLIVOS
ORO NEGRO S.A.,ORO NEGRO,VID
ORO NEGRO S.A.,ORO NEGRO,OLIVOS
"SUELDO GIORGI, LAURA",FINCA MACHIA,VID
TALAMUYUNA S.A.,TALAMUYUNA,JOJOBA
"TROYANO, RUFINO",PARCELA Nº8,VID
AGROLOSANDES S.A.,AGROLOSANDES,ESPARRAGOS
AGROLOSANDES S.A.,AGROLOSANDES,AJO
AGROLOSANDES S.A.,AGROLOSANDES,ABONO VERDE
AGROROSAL S.A.,FINCA LA LUCERA,VID
AGROSAVER S.A.,FINCA LA AGUANDA,DESCANSO
ALTOS LAS HORMIGAS SAVYC,ALTOS LAS HORMIGAS FINCA,UVAS
ARGENTBIO S.R.L.,FINCA EL OLMO,MANZANA
ARGENTBIO S.R.L.,FINCA EL OLMO,ZAPALLO
ARGENTBIO S.R.L.,FINCA EL OLMO,ZANAHORIA
ARGENTBIO S.R.L.,FINCA EL OLMO,CEBOLLA
ARGENTBIO S.R.L.,FINCA EL OLMO,ECHALOTTE
ARGENTBIO S.R.L.,FINCA EL OLMO,INCULTO
ARGENTBIO S.R.L.,FINCA EL OLMO,ZAPALLO ANCO
ARGENTBIO S.R.L.,FINCA EL OLMO,AJO
ARGENTBIO S.R.L.,FINCA EL OLMO,DESCANSO
ARGENTBIO S.R.L.,FINCA EL OLMO,BROCOLI
ARGENTBIO S.R.L.,FINCA EL OLMO,CAMPO NATURAL
ARTEL INC,EL LUCAS,VID
ARTEL INC,EL TINCHO,VID
ASOC. COOP. EEA INTA MENDOZA,ASOCIACION COOPERADORA DE EEA MENDOZA INTA,VID
ASOC. COOP. EEA INTA MENDOZA,ASOCIACION COOPERADORA DE EEA MENDOZA INTA,INCULTO
ASOC. COOP. EEA INTA MENDOZA,ASOCIACION COOPERADORA DE EEA MENDOZA INTA,ALFALFA
AVE MARIA FIDEICOMISO,FINCA AVE MARIA AG,UVAS
AVE MARIA FIDEICOMISO,FINCA AVE MARIA B,UVAS
BAMENEX S.A.,FINCA DON JOAQUIN,DESCANSO
BAMENEX S.A.,FINCA DON JOAQUIN,ZAPALLO
BAMENEX S.A.,FINCA DON JOAQUIN,AJO
BAMENEX S.A.,FINCA DON JOAQUIN,INCULTO
BAMENEX S.A.,FINCA EL CARRIZAL,DESCANSO
BAMENEX S.A.,FINCA EL CARRIZAL,AJO
BAMENEX S.A.,FINCA EL CARRIZAL,INCULTO
BAMENEX S.A.,FINCA EL CARRIZAL,CAMPO NATURAL
BAMENEX S.A.,FINCA EL CARRIZAL,ZAPALLO
BEATRIZ VASQUEZ Y JUAN CARLOS CAMARGO SH,FINCA RINCON DESEADO,INCULTO
BEATRIZ VASQUEZ Y JUAN CARLOS CAMARGO SH,FINCA RINCON DESEADO,NUEZ PECAN
BEATRIZ VASQUEZ Y JUAN CARLOS CAMARGO SH,FINCA RINCON DESEADO,HIGOS
BEATRIZ VASQUEZ Y JUAN CARLOS CAMARGO SH,FINCA RINCON DESEADO,VID
BEATRIZ VASQUEZ Y JUAN CARLOS CAMARGO SH,FINCA RINCON DESEADO,OLIVO
BEATRIZ VASQUEZ Y JUAN CARLOS CAMARGO SH,FINCA RINCON DESEADO,CIRUELA
BEATRIZ VASQUEZ Y JUAN CARLOS CAMARGO SH,FINCA RINCON DESEADO,CEREZA
BEATRIZ VASQUEZ Y JUAN CARLOS CAMARGO SH,FINCA RINCON DESEADO,PERA
BEATRIZ VASQUEZ Y JUAN CARLOS CAMARGO SH,FINCA RINCON DESEADO,MANZANA
BEATRIZ VASQUEZ Y JUAN CARLOS CAMARGO SH,FINCA RINCON DESEADO,DURAZNO
BEATRIZ VASQUEZ Y JUAN CARLOS CAMARGO SH,FINCA RINCON DESEADO,DAMASCO
BEAU LIEU S.A.,BEAU LIEU SA,VID
BENITO Y NORMA PANELLA,FINCA PANELLA Y ANEXO,VID
BENITO Y NORMA PANELLA,FINCA PANELLA Y ANEXO,DAMASCO
BENITO Y NORMA PANELLA,FINCA PANELLA Y ANEXO,CIRUELA
BENITO Y NORMA PANELLA,FINCA PANELLA Y ANEXO,INCULTO
BENITO Y NORMA PANELLA,FINCA PANELLA Y ANEXO,OLIVO
BENITO Y NORMA PANELLA,FINCA PANELLA Y ANEXO,DURAZNO
BENITO Y NORMA PANELLA,FINCA PANELLA Y ANEXO,CAMPO NATURAL
BIO AGRICULTORES S.A.,EL VERGEL,DESCANSO
BIO AGRICULTORES S.A.,EL VERGEL,AJO
BIO AGRICULTORES S.A.,EL VERGEL,INCULTO
BIO-ARGENTINA S.A.,LA CELESTE,VID
BLANCO JOSE,UGARTECHE,UVAS
"BOCARDO, MARCELO",MARCELO BOCARDO,VID
BODEGA ARGENTO S.A.,FINCA UGARTECHE,VID
BODEGA ARGENTO S.A.,FINCA ALTAMIRA,VID
BODEGAS Y VIÑEDOS BENEDETTI SRL,FINCA LAS YEGUITAS,UVAS
BODEGAS Y VIÑEDOS BENEDETTI SRL,FINCA LA PAZ,UVAS
BODEGAS Y VIÑEDOS BENEDETTI SRL,FINCA LA ISLA,UVAS
BODEGAS Y VIÑEDOS BENEDETTI SRL,FINCA MONTECASEROS,UVAS
BODEGAS Y VIÑEDOS BENEDETTI SRL,FINCA LOS CAMPAMENTOS,UVAS
BODEGAS Y VIÑEDOS V.O.B. S.A.,FINCA AURA (EX BODEGAS Y VIÑEDOS V.O.B.S.A.),VID
BUONO BENITO ARNALDO,BUONO BENITO ARNALDO,VID
BUONO BENITO ARNALDO,BUONO BENITO ARNALDO,INCULTO
CAMPAL S.A.,FINCA EL CAMPAL,VID
CAMPAL S.A.,FINCA EL CAMPAL,INCULTO
CAMPO GRANDE S.A.,ESTANCIA LAS CHACRAS,INCULTO
CAMPO GRANDE S.A.,ESTANCIA LAS CHACRAS,ABONO VERDE
CAMPO GRANDE S.A.,ESTANCIA LAS CHACRAS,CAMPO NATURAL
CAMPOS DE LA COLONIA S.A.,FINCA LAS UVAS,VID
CANTINIAN SA,CANTINIAN,VID
CAÑA DE CASTILLA SRL,FINCA FABRICA ,CAÑA DE CASTILLA
CAÑA DE CASTILLA SRL,FINCA IRIGOYEN ,CAÑA DE CASTILLA
CAÑA DE CASTILLA SRL,FINCA IRIGOYEN FINAL ,CAÑA DE CASTILLA
CAÑA DE CASTILLA SRL,FINCA LOS ALAMOS ,CAÑA DE CASTILLA
CAROLINA BENEDETTI,LOS YOLES,UVAS
CK Y ASOCIADOS S.A.,FINCA LUNLUNTA,VID
CK Y ASOCIADOS S.A.,FINCA LUNLUNTA,OLIVOS
CK Y ASOCIADOS S.A.,VILLA SECA,VID
CK Y ASOCIADOS S.A.,VILLA SECA,OLIVOS
COMPAÑIA AGRICOLA EL RODEO S.A.,FINCA ORGANICA SAN CARLOS,AJO
COMPAÑIA AGRICOLA EL RODEO S.A.,FINCA ORGANICA SAN CARLOS,ZAPALLO
COMPAÑIA DE AGROSERVICIOS S.A.,DON JORGE,UVAS
COMPAÑIA DE AGROSERVICIOS S.A.,DON JORGE,ACEITUNAS
CUNCO S.A.,FINCA CUNCO,INCULTO
CUNCO S.A.,FINCA CUNCO,ZAPALLO
CUNCO S.A.,FINCA CUNCO,ABONO VERDE
CUNCO S.A.,FINCA CUNCO,AJO
CUNCO S.A.,FINCA CUNCO,DESCANSO
CUNCO S.A.,FINCA CUNCO,CEBOLLA
CUNCO S.A.,FINCA CUNCO,PAPA
DJALLAD ANA REBECA,LA AMISTAD,INCULTO
DJALLAD ANA REBECA,LA AMISTAD,CIRUELA
DJALLAD ANA REBECA,LA AMISTAD,ZAPALLO
DJALLAD ANA REBECA,LA AMISTAD,OLIVO
DJALLAD ANA REBECA,LA AMISTAD,TOMATE
DOMAINE JEAN BOUSQUET  S.A.,FINCA MAIPU DELICIAS DE TUPUNGATO SA,VID
DOMAINE JEAN BOUSQUET  S.A.,FINCA DOMAINE BOUSQUET,VID
DOMAINE JEAN BOUSQUET  S.A.,FINCA EL ZAMPAL DELICIAS DE TUPUNGATO SA,VID
EDUARDO Y FABIAN CAMPAGNA SH,LOS CORRALITOS,HORTALIZAS
EL MORO SRL,FINCA DINAMIA,VID
EMPRESA COMERCIAL EXPORTADORA S.A.,LAS 3 F,UVAS
EMPRESA COMERCIAL EXPORTADORA S.A.,CHACRAS DE CORIA,UVAS
ESTABLECIMIENTOS VITIVINICOLAS ESCORIHUELA S.A.,ALTAMIRA,UVAS
ESTANCIA CASA DE UCO S.A.,ESTANCIA CASA DE UCO,VID
FENIX S.A.,FINCA REAL DEL PADRE,DAMASCO
FENIX S.A.,FINCA REAL DEL PADRE,UVA DE MESA
FENIX S.A.,FINCA REAL DEL PADRE,INCULTO
FIDEICOMISO BAX,FIDEICOMISO BAX,VID
FIDEICOMISO BAX,FIDEICOMISO BAX,INCULTO
FIDEICOMISO SANTA RITA ,FINCA SANTA RITA,CENTENO
FIDEICOMISO SANTA RITA ,FINCA SANTA RITA,PASTIZAL NATURAL
FINCA CONSTANZA SA,FINCA DOÑA CONSTANZA (EX FINCA EL MIRADOR),VID
FINCA VON WIGSTEIN,FINCA ALPAMANTA,VID
FRUTIHORTICOLA SAN NICOLAS SA,FRUTIHORTICOLA SAN NICOLAS,VID
FRUTOS DE SANTA ROSA S.A.,FINCA BELTRAN,ACEITUNAS
FRUTOS DE SANTA ROSA S.A.,FRAY LUIS BELTRAN,UVAS
FRUTOS DE SANTA ROSA S.A.,SANTA ROSA,UVAS
GASPARETTI MAURICIO,EL AGUARIBAY,CIRUELA
GASPARETTI MAURICIO,EL AGUARIBAY,ACEITUNAS
GASPARETTI MAURICIO,EL AGUARIBAY,FORESTALES
GASPARETTI MAURICIO,EL AGUARIBAY,CAMPO NATURAL
GRUPO PEÑAFLOR SA ,FINCA LA PAZ,VID
GRUPO PEÑAFLOR SA ,FINCA ALTO VERDE,VID
GRUPO PEÑAFLOR SA ,FINCA SANTA ROSA,VID
GRUPO PEÑAFLOR SA ,FINCA SANTA ROSA,DAMASCO
HAGEN DE MONTERO GUILLERMINA,FINCA MONTERO,VID
HAGEN DE MONTERO GUILLERMINA,FINCA MONTERO,CAMPO NATURAL
IZASKUN SA,FINCA CORTESIA,ZAPALLO
IZASKUN SA,FINCA CORTESIA,DESCANSO
IZASKUN SA,FINCA CORTESIA,ZANAHORIA
JESUS CARLOS FANTELLI E HIJOS,FINCA BODEGA,UVAS
JESUS CARLOS FANTELLI E HIJOS,BETTI,UVAS PARA VINIFICAR
JESUS CARLOS FANTELLI E HIJOS,AGUSTIN,UVAS PARA VINIFICAR
LA MARIA DE LOS ARBOLES SRL,LA MARIA DE LOS ARBOLES ,NOGAL
LA MARIA DE LOS ARBOLES SRL,LA MARIA DE LOS ARBOLES ,MONTE
LA MARIA DE LOS ARBOLES SRL,LA MARIA DE LOS ARBOLES ,INCULTO
LACIENDA SA,LACIENDA,VID
LACIENDA SA,REPRESA TREGEA,VID
LAIANA S.R.L.,LAIANA,CIRUELAS
LAIANA S.R.L.,LAIANA,ACEITUNAS Y UVAS
LAS YEGUAS S.A.,LAS YEGUAS,VID
LAS YEGUAS S.A.,LAS YEGUAS,NUEZ
LIPTOV S.A.,EL RANCHO,ACEITUNAS Y UVAS
LIPTOV S.A.,LA ESTRELLA,ACEITUNAS
LIPTOV S.A.,LA ESTRELLA,CIRUELAS
LIPTOV S.A.,LA ESTRELLA,DAMASCOS Y NUECES
LLIHUE S.A.,FINCA CAYANTA,VID
LLIHUE S.A.,FINCA LA MAROLINA,VID
LOS EUCALIPTOS S.A.,FINCA LOS EUCALIPTOS,CIRUELA
LOS EUCALIPTOS S.A.,FINCA LOS EUCALIPTOS,INCULTO
LOS EUCALIPTOS S.A.,FINCA LOS EUCALIPTOS,DURAZNO
LOS EUCALIPTOS S.A.,FINCA LOS EUCALIPTOS,VID
LOS EUCALIPTOS S.A.,FINCA LOS EUCALIPTOS,OLIVO
LOS EUCALIPTOS S.A.,FINCA LOS EUCALIPTOS,CAMPO NATURAL
"MASI, TUPUNGATO VIGNETI LA ARBOLEDA SA",MASI VIGNETI LA ARBOLEDA SA,VID
MIRAVALLES S.A.,E-30686,VID
MIRAVALLES S.A.,E-30686,INCULTO
MIRAVALLES S.A.,E-30686,CAMPO NATURAL
MIX S.A.,UVAS DEL DESIERTO,UVAS
MONTLAIZ S.R.L.,LA FLOR,UVAS PARA VINIFICAR
MONTLAIZ S.R.L.,DOÑA LIDIA,UVAS PARA VINIFICAR
MONTLAIZ S.R.L.,DON HUGO,UVAS PARA VINIFICAR
NADAL JUAN GUSTAVO,LA AMPARO,UVAS
OJO DE VINO SA,OJO DE VINO SA,VID
OLATE JUAN CARLOS,"MARQUEZ 1 Y 2, MOLLAR 1 Y 2 (GRUPO AP. MALARGÜE)",MIEL
OLIVARES DE DON IGNACIO S.A.,LA LIBERTAD,VID
OLIVARES DE DON IGNACIO S.A.,LA LIBERTAD,OLIVOS
ORGANIC COSTAFLORES S.A.,FINCA COSTAFLORES,VID
ORGANIC COSTAFLORES S.A.,FINCA COSTAFLORES,NOGAL
ORGANIC COSTAFLORES S.A.,FINCA COSTAFLORES,INCULTO
PALUMBO GOTTARDINI CARLOS ROBERTO,ORALIA STATE,VID
PARRA SA,CUARTEL 24 (EX PARRA SA),OLIVOS
PARRA SA,CUARTEL 24 (EX PARRA SA),DAMASCO
PARRA SA,CUARTEL 24 (EX PARRA SA),CIRUELA
PATGO S.A,VIÑA PATRICIA,VID
PATGO S.A,VIÑA PATRICIA,OLIVOS
PEDRO Y JORGE CECCHIN S.R.L.,FINCAS RUSSEL  - JUNIN  - UGARTECHE,INCULTO
PEDRO Y JORGE CECCHIN S.R.L.,FINCAS RUSSEL  - JUNIN  - UGARTECHE,OLIVO
PEDRO Y JORGE CECCHIN S.R.L.,FINCAS RUSSEL  - JUNIN  - UGARTECHE,VID
PEÑAVID SA,FINCA TRIBUTO,VID
PEÑAVID SA,FINCA TRIBUTO,OLIVOS
PROVIVA S.R.L,AGRELO ,UVAS
PROVIVA S.R.L.,ALTAMIRA I,UVAS
PROVIVA S.R.L.,ALTAMIRA II,UVAS
PROVIVA S.R.L.,DRUMMOND,UVAS
PUENTE BLANCO S.A.,ESTANCIA EL TAMBILLO,ABONO VERDE
PUENTE BLANCO S.A.,ESTANCIA EL TAMBILLO,AJO
PUENTE BLANCO S.A.,ESTANCIA LOS AMIGOS,AJO
PUENTE BLANCO S.A.,ESTANCIA LOS AMIGOS,ABONO VERDE
PUERTO ANCONA S.A.,VISTA FLORES,UVAS
PUERTO ANCONA S.A.,VISTA FLORES,AROMATICAS
R6 LA GUEVARINA S.A.,R6 LA GUEVARINA,ESPARRAGO
RABIDA ESCOBAR MARIA PAULA,FINCA 2R,VID
RABIDA ESCOBAR MARIA PAULA,FINCA 2R,NOGAL
RABIDA ESCOBAR MARIA PAULA,FINCA 2R,INCULTO
RABIDA ESCOBAR MARIA PAULA,FINCA 2R,OLIVO
RABIDA ESCOBAR MARIA PAULA,FINCA 2R,ALFALFA
S.A. BODEGA ENRIQUE VOLLMER - UCO VALLEY,BODEGAS VOLLMER UCOVALLEY S.A.,VID
SANCHEZ PEDRO PASCUAL,FINCA LAS PAREDES,CIRUELA
SANCHEZ PEDRO PASCUAL,FINCA LAS PAREDES,INCULTO
SANCHEZ PEDRO PASCUAL,FINCA LAS PAREDES,CIRUELA DESECADA
SANES S.A.,FINCA LA ULTIMA,AJO
SANES S.A.,FINCA LA ULTIMA,CEBOLLA
SANES S.A.,FINCA LA ULTIMA,CAMPO NATURAL
SANES S.A.,FINCA LA ULTIMA,INCULTO
SAVOINI MARIO ANTONIO,FINCA SAVOINI,UVAS PARA VINIFICAR
SAVOINI MARIO ANTONIO,FINCA SAVOINI,UVAS FRESCAS (MESA)
SOLANDES S.A.,SOLANDES,VID
SOLANDES S.A.,SOLANDES,ACEITUNAS
SOLANDES S.A.,SOLANDES,INCULTO
SONIA Y LILIANA FERRO S.H.,RODRIGUEZ PEÑA,CIRUELAS
SONIA Y LILIANA FERRO S.H.,RODRIGUEZ PEÑA,UVAS
SONIA Y LILIANA FERRO S.H.,RODRIGUEZ PEÑA,ACEITUNAS
STAGNITTI ALBERTO,LA MACARENA,VID
STAGNITTI ALBERTO,LA MACARENA,INCULTO
STAGNITTI ALBERTO,LA MACARENA,MEMBRILLO
TACCHINI FABIO,VISTALBA,CEREZA
TEPEU S.R.L,FINCA MUÑOZ HNOS.,ZAPALLO
TEPEU S.R.L,FINCA MUÑOZ HNOS.,CHOCLO
THIBAULT LEPOUTRE,FINCA CHACAYES NORTE (EX FINCA CHACAYES),UVAS PARA VINIFICAR
VAL DE FLORES S.A.,VAL DE FLORES,VID
VAL DE FLORES S.A.,VAL DE FLORES,INCULTO
VALENCIA MIGUEL,LA SERENA,UVAS
VALENCIA MIGUEL,LOS ALAMOS,UVAS
VALENCIA MIGUEL,MEDRANO,UVAS
"VALENCIA, ROBERTO OSCAR",FINCA VALENCIA,VID
VALENTIN BIANCHI SACIF ,FINCA ASTI,VID
VALENTIN BIANCHI SACIF ,FINCA DOÑA ELSA,VID
VALENTIN BIANCHI SACIF ,FINCA LAS PAREDES,VID
VILLA ATUEL S.A.,FINCA VILLA ATUEL,OLIVO
VILLAR JUAN JOSE,FINCA DOÑA CARMEN,CIRUELA
VILLAR JUAN JOSE,FINCA DOÑA CARMEN,VID
VILLAR JUAN JOSE,FINCA DOÑA CARMEN,INCULTO
VILLAR JUAN JOSE,FINCA DOÑA CARMEN,CAMPO NATURAL
VIÑA ESENCIA S.A.,FINCA ALEGRA,VID
VIÑAS DE ALTO SALVADOR S.A.V.A.I.C,"FINCA ""DOÑA CRISTINA"" (INV E61522)",VID
VIÑAS DE ALTO SALVADOR S.A.V.A.I.C,"FINCA ""LA SEDE "" (INV F 01047)(EX CENTRAL)",VID
VIÑAS DE CUYO S.A.,FINCA AGRELO,VID
VIÑAS DE CUYO S.A.,FINCA AGRELO,OLIVOS
VIÑAS DE LUJAN S.R.L.,VIÑAS DE LUJAN,VID
VITTORI ROBERTO Y VERONICA S.H.,CASTRO BARRO,VINO
VITTORI ROBERTO Y VERONICA S.H.,CASTRO BARRO,UVAS
VITTORI ROBERTO Y VERONICA S.H.,CASTRO BARRO,ACEITUNAS
ACOSTA VILMAR,"IFAI - LOTE 1, LOTE 17",CAÑA DE AZUCAR
ALVARENGA ANTONIO JESUS,IFAI - LOTE 88,CAÑA DE AZUCAR
ALVARENGA GERONIMO FRANCISCO,IFAI - LOTE 88,CAÑA DE AZUCAR
ANGER JORGE/JUNIOR FABIAN,IFAI - LOTE 144,CAÑA DE AZUCAR
ANIAYA HILARIO/ ALBERT,IFAI - LOTE 51,CAÑA DE AZUCAR
ANIAYA HILARIO/ ANIAYA ALBERT / REIS ROBERTO,IFAI - LOTE 33/34,CAÑA DE AZUCAR
ANIAYA HILARIO/ALBERT,IFAI - LOTE 15,CAÑA DE AZUCAR
ANIAYA HILARIO/ALBERT,IFAI - LOTE 35,CAÑA DE AZUCAR
ANTUNEZ FLORES ANTONIO CARLOS/ QUENSSELL MARCOS/DE MATOS GRISELDA,IFAI - LOTE 26,CAÑA DE AZUCAR
ARJOL RICARDO ALFREDO / DOMINGUEZ CARLOS ALFREDO,IFAI - LOTE 3 Y 7,CAÑA DE AZUCAR
BAEZ ANTONIO SIMEON / RODRIGUEZ TERESA / BAEZ OSCAR RAMON,IFAI - LOTE 169 B,CAÑA DE AZUCAR
BAEZ ESTELA MARI,IVU,LIMON
BAEZ ESTELA MARI,IVU,MANDARINA
BAEZ ESTELA MARI,IVU,NARANJA
BAEZ ESTELA MARI,IVU,PONELO Y ANANA
BALSARI EDGARDO ENRIQUE,IFAI - LOTE 77,CAÑA DE AZUCAR
"BARBARO, MARIO LUCIANO",MARIO BARBARO,YERBA MATE
BAUMGRATZ ALOISIO,KA´A PORÀ,YERBA MATE
BECKER CARLOS LUIS,IFAI - LOTE 24,CAÑA DE AZUCAR
BOGLIOTI JUAN JOSE,IFAI - LOTE 1,CAÑA DE AZUCAR
BOWALCZUK JESUS RAUL,IFAI - LOTE 11,CAÑA DE AZUCAR
BUBLITZ CARLOS / LUCAS JOSE / PETRY BLACIO / PETRY JOSE RAFAEL,IFAI - LOTE C,CAÑA DE AZUCAR
BUNNKOWSKI ELIO MARIO,IFAI - LOTE 115,CAÑA DE AZUCAR
CARDOZO ARLINDO JESUS / CARDOZO JESUS FELIX,IFAI - LOTE 143,CAÑA DE AZUCAR
CARDOZO JOSE LUIS,IFAI - LOTE 119 B,CAÑA DE AZUCAR
CARDOZO RICARDO ROGELIO,IFAI - LOTE 89,CAÑA DE AZUCAR
CARDOZO RICARDO ROGELIO ,IFAI - LOTE 172,CAÑA DE AZUCAR
CARRE ANIBAL DANIEL/MACHADO MIRIAM GRACIELA,IFAI - LOTE 16,CAÑA DE AZUCAR
CARRE EMILIO/ ROJAS LILA AIDHEE / CARRE ULISES RAMON,IFAI - LOTE 4,CAÑA DE AZUCAR
"CAVIGIOLI, MARIO",CAVIGIOLI MARIO,YERBA MATE
CHESSANI JORGE / IASINSKI DANIELA LUCIA,IFAI - LOTE 15,CAÑA DE AZUCAR
CHESSANI MAXIMO,IFAI - LOTE 69,CAÑA DE AZUCAR
CUATRO CAMINOS S.R.L.,CUATRO CAMINOS,YERBA MATE
CUATRO CAMINOS S.R.L.,CUATRO CAMINOS,TE
DA CRUZ MANUEL ROSALINO/DA CRUZ JOSE RAMON / DA CRUZ JORGE ARIEL / ROSANA ISABEL / SILVIO ORLANDO,IFAI - LOTE 90 A Y B,CAÑA DE AZUCAR
DA ROSA CARLOS/ WALTER FERREIRA DA ROSA / DE MATTOS BENITO / DE MATTOS MARIO,IFAI - LOTE 128 A,CAÑA DE AZUCAR
DA ROSA JOSE DANIEL/RODRIGUEZ EDELMIRA/DA ROSA ALEJANDRA,IFAI - LOTE 7,CAÑA DE AZUCAR
DA SILVA ARI/JOSE,IFAI - LOTE 72,CAÑA DE AZUCAR
DALINGER MARGARITA IRENE,IFAI - LOTE 3 D,CAÑA DE AZUCAR
DE LA CRUZ FRANCISCO ASIS,IFAI - LOTE 23,CAÑA DE AZUCAR
DE LIMA ANGEL / MARTINEZ EZEQUIEL / SEGOVIA NADIA SOLEDAD,IFAI - LOTE 18-20,CAÑA DE AZUCAR
DE MIRANDA JUAN FRANCISCO/ DE MIRANDA JOSE FRANCISCO,IFAI - LOTE 173,CAÑA DE AZUCAR
DE OLIVERA CARLOS ORLANDO,IFAI - LOTE 19,CAÑA DE AZUCAR
DE OLIVERA CARLOS ORLANDO,IFAI - LOTE 11,CAÑA DE AZUCAR
DE OLIVERA HECTOR ANDRES/ DA SEQUEIRA SULEMA MABEL,IFAI - LOTE 4,CAÑA DE AZUCAR
DE OLIVERA HECTOR ELIAS /ADELA KARINA / RODRIGUEZ HILDA ,IFAI - LOTE 10,CAÑA DE AZUCAR
DE OLIVERA HECTOR ELIAS /ADELA KARINA / RODRIGUEZ HILDA ,IFAI - LOTE 4,CAÑA DE AZUCAR
DE OLIVERA HUMBERTO / ANIAYA HECTOR,IFAI - LOTE 19,CAÑA DE AZUCAR
DE OLIVERA VICTOR PLACIDO / ACOSTA CLAUDETTE,IFAI - LOTE 11,CAÑA DE AZUCAR
DENI ANTONIO / BATIROLLA LUIS PABLO / BATIROLA GUSTAVO,IFAI - LOTE FISCAL,CAÑA DE AZUCAR
DO SANTOS JUAN RAMON / RAMON,IFAI - LOTE 43,CAÑA DE AZUCAR
DO SANTOS UBALDO / LUCIA / LUCAS UBALDO DO SANTOS,IFAI - LOTE 150,CAÑA DE AZUCAR
DO SANTOS UBALDO / LUCIA / LUCAS UBALDO DO SANTOS / DO SANTOS JONATHAN,IFAI - LOTE 139,CAÑA DE AZUCAR
DORNELES JUAN CARLOS / HOFFMANN MARTINS LAUDELINO,IFAI - LOTE 4 B,CAÑA DE AZUCAR
DURAN AMBROSIO,IFAI - LOTE 73,CAÑA DE AZUCAR
DURAN AMBROSIO,IFAI - LOTE 12 Y 7,CAÑA DE AZUCAR
DURAN AMBROSIO,IFAI - LOTE 44,CAÑA DE AZUCAR
EICHEMBER EVALDO / CLARA DOCARMO FERNANDEZ,IFAI - LOTE 21,CAÑA DE AZUCAR
ENGER LIZARDO / RIVERO GLADIS A / AYALA ESILDA ENGER,IFAI - LOTE 148,CAÑA DE AZUCAR
ENGER LIZARDO LUIS,IFAI - LOTE 176,CAÑA DE AZUCAR
ENGER LIZARDO LUIS,IFAI - LOTE 152,CAÑA DE AZUCAR
ENGERS LUCINDO / ENGERS CLOVIS MARCOS,IFAI - LOTE 22,CAÑA DE AZUCAR
ENRIQUE VICTOR ARRUA,MALCRIADO,YERBA MATE
ESCARVADOFSKI LIZARDO TOMAS / CERRI ORESTINA,IFAI - LOTE 39 B,CAÑA DE AZUCAR
ESCARVADOFSKI LIZARDO TOMAS/ CERRI ORESTINA,IFAI - LOTE 1 Y 2,CAÑA DE AZUCAR
ESCARVADOFSKI LUIS FABIAN,IFAI - LOTE 17/18,CAÑA DE AZUCAR
ESPINDOLA ALCIMIRO / FLORES MARTA,IFAI - LOTE 103,CAÑA DE AZUCAR
ESPINDOLA ALCIMIRO / FLORES MARTA,IFAI - LOTE 24 A,CAÑA DE AZUCAR
FERNANDEZ PEREIRA JOSE / JOSE HECTOR,IFAI - LOTE 94,CAÑA DE AZUCAR
FERREYRA BLANCA LUCY,IFAI - LOTE 179,CAÑA DE AZUCAR
FERREYRA LIDIA/ ELIZARDO GABRIEL,IFAI - LOTE 176,CAÑA DE AZUCAR
FERREYRA LIDIO RAMON/ ELIZARDO GABRIEL / MIRANDA ROSANA BEATRIZ / RIVERO MARIA A. YANINA,IFAI - LOTE 174,CAÑA DE AZUCAR
FERREYRA LIDIO RAMON/ELIZARDO GABRIEL,IFAI - LOTE 150,CAÑA DE AZUCAR
FERREYRA LORENZO / FERREYRA ABEL MEDELI,IFAI - LOTE 27,CAÑA DE AZUCAR
FERREYRA PEDRO,IFAI - LOTE 13,CAÑA DE AZUCAR
FISCHER ARMINDO,IFAI - LOTE 72,CAÑA DE AZUCAR
FISHER CLAUDIO ARIEL/ TIERLING RAUL,IFAI - LOTE 8,CAÑA DE AZUCAR
FUNDACION ALBERTO ROTH,FUNDACION ALBERTO ROTH,YERBA MATE
GALVAN MARIELA ANDREA,IFAI - LOTE 162-163,CAÑA DE AZUCAR
GALVAN MARIELA ANDREA,IFAI - LOTE 4,CAÑA DE AZUCAR
GALVAN MARIELA ANDREA,IFAI - LOTE 19,CAÑA DE AZUCAR
GOMEZ ABEL,IFAI - LOTE 153,CAÑA DE AZUCAR
GOMEZ CARLOS RUBEN,IFAI - LOTE 153,CAÑA DE AZUCAR
GOMEZ HECTOR,IFAI - LOTE 94,CAÑA DE AZUCAR
GOMEZ ROSALINO/ M. FATIMA DA SILVEIRA,IFAI - LOTE 123,CAÑA DE AZUCAR
GONZALEZ CLAUDIA/BECKER OSCAR,IFAI - LOTE 36,CAÑA DE AZUCAR
GONZALEZ MARINO/ GONZALEZ CORNELIO/ GONZALEZ SOLEDAD MARIELA,IFAI - LOTE 99,CAÑA DE AZUCAR
GONZALEZ OSVALDO MARTIN,IFAI - LOTE 15,CAÑA DE AZUCAR
GRABARCZUK TERESA/STECIUK NORA ISABEL,IFAI - LOTE 2 A,CAÑA DE AZUCAR
GROSS VICTOR DANIEL,IFAI - LOTE 8F,CAÑA DE AZUCAR
GRZVINSKI CLAUDIO / HECTOR JOSE,IFAI - LOTE 35,CAÑA DE AZUCAR
HARTMANN MARIO / PRESTES LORENA ADRIANA / PRESTES CARLOS DAVID,IFAI - LOTE 69,CAÑA DE AZUCAR
HARTMANN SIBANO / HARTMANN MAURO,IFAI - LOTE 121-123,CAÑA DE AZUCAR
HEINZMANN ENRIQUE CRISTIAN,ENRIQUE CRISTIAN HEINZMANN,YERBA MATE
JAKIMZUK  PEDRO MARCOS,IFAI - LOTE 195,CAÑA DE AZUCAR
JAKIMZUK LIDIA/ OLIVERA RUBEN,IFAI - LOTE 8,CAÑA DE AZUCAR
KALISPRENER JORGE RUBEN / SAWISKI MIRTHA GRACIA / KALISPRENER JORGE ANDRES,IFAI - LOTE 30,CAÑA DE AZUCAR
KAPELINSKI JOSE ESTEBAN/CRISTIAN ARIEL,IFAI - LOTE 1 B,CAÑA DE AZUCAR
KAPELINSKI JOSE ESTEBAN/CRISTIAN ARIEL,IFAI - LOTE 17,CAÑA DE AZUCAR
KLUGE JORGE ALFREDO,IFAI - LOTE 41,CAÑA DE AZUCAR
KOTH ITATI MARIA EVANGELINA,ROA PIPO,YERBA MATE
KRAUS S.A.,ESTABLECIMIENTO KRAUS,TE
KRAUS S.A.,ESTABLECIMIENTO KRAUS,YERBA MATE
KREUNING JORGE,IFAI - LOTE 96,CAÑA DE AZUCAR
KURZNIWSKI GERARDO GERMAN,IFAI - LOTE 11,CAÑA DE AZUCAR
LA CONDICION S.A.,ISTUETA KM 300,SIN PROD.
LAS TREINTA S.A.,DOROSZ,TE
LASSER TERESA/ MITTIL JUAN CARLOS  / MITTIL JUAN CARLOS (HIJO),IFAI - LOTE 5,CAÑA DE AZUCAR
LOPEZ LUCAS,CHACRA IPOTI,YERBA MATE
LORENZO YOLANDA /SENIO CRISTIAN SANTIAGO,IFAI - LOTE 237,CAÑA DE AZUCAR
MACHADO MENDRANA PRADELINO / MACHADO PAULO,IFAI - LOTE 62,CAÑA DE AZUCAR
MACHADO MIGUEL ANGEL/FERNANDO MIGUEL,IFAI - LOTE 61,CAÑA DE AZUCAR
MACHADO MIGUEL/SOLIS ELBA BEATRIZ/MACHADO FABIANA,IFAI - LOTE 14 B,CAÑA DE AZUCAR
MARCELO MANUEL LIMA / MANUEL ALTAMIRO LIMA,IFAI - LOTE 4,CAÑA DE AZUCAR
MARIANA MAMPAEY,EL HORMIGUERO,YERBA
MARIANA MAMPAEY,EL HORMIGUERO,CAÑA DE AZUCAR
MARIANA MAMPAEY,EL HORMIGUERO,MANDIOCA
MARIANA MAMPAEY,EL HORMIGUERO,AROMATICAS Y MEDICINALES
MARLANDER JORGE ALFREDO / EZEQUIEL,IFAI - LOTE 7,CAÑA DE AZUCAR
MARLANDER JORGE ALFREDO / MARLANDER EZEQUIEL/ STECIUK MATIAS,IFAI - LOTE 8,CAÑA DE AZUCAR
MARQUEZ JUAN ANDRES,IFAI - LOTE 145,CAÑA DE AZUCAR
MARTIN JAVIER SALOMON SAAIED,CHACRA ADAMA,YERBA
MARTIN JAVIER SALOMON SAAIED,CHACRA ADAMA,TE
MARTIN JAVIER SALOMON SAAIED,CHACRA ADAMA,POMELO
MARTIN JAVIER SALOMON SAAIED,CHACRA ADAMA,QUINOTO
MARTIN JAVIER SALOMON SAAIED,CHACRA ADAMA,MANDARINA
MARTIN JAVIER SALOMON SAAIED,CHACRA ADAMA,NARANJA.
MIRANDA CARLOS LEON/MIRANDA HECTOR,IFAI - LOTE 133,CAÑA DE AZUCAR
MORAES LUCAS,IFAI - LOTE 71 Y SOBRANTE,CAÑA DE AZUCAR
"MOZZONI, ROBERTO RAMON",ROBERTO MOZZONI,TE
"MOZZONI, ROBERTO RAMON",ROBERTO MOZZONI,YERBA MATE
NELCI SANTIAGO / GENESINI HILDA INES,IFAI - LOTE FISCAL,CAÑA DE AZUCAR
NEVEZ EUSEBIO,IFAI - LOTE 129,CAÑA DE AZUCAR
NOREMBERG ROSSEMARIE HAIDEE,IFAI - LOTE 8 Y 9,CAÑA DE AZUCAR
NUÑEZ JUAN AMERICO/MARIA ANGELICA,IFAI - LOTE E,CAÑA DE AZUCAR
NUÑEZ JUAN BAUTISTA/ GIMENEZ ULISES,IFAI - LOTE B1,CAÑA DE AZUCAR
NUÑEZ MARCELO RAMON / GARCIA MYRYAM,IFAI - LOTE K1,CAÑA DE AZUCAR
NUÑEZ MARCELO RAMON /GARCIA MYRIAN,IFAI - LOTE 36,CAÑA DE AZUCAR
OLEJNIK CARLOS/ESPINDOLA JORGE RAMON,IFAI - LOTE 27 A,CAÑA DE AZUCAR
OLIVEIRA JORGE / NERI / VIDALVINA PEREYRA ( EX OLIVEIRA VALDIR / JORGE OLIVEIRA / ALFREDO NERI / ALEJANDRO OLIVEIRA),IFAI - LOTE 89,CAÑA DE AZUCAR
OLIVERA ENRIQUE/ BENITO/DE MATTOS CLAUDIA / DA SILVA NATANAEL,IFAI - LOTE 198,CAÑA DE AZUCAR
OLIVERA RAMON HECTOR,IFAI - LOTE 43,CAÑA DE AZUCAR
OLIVERA RAMON HECTOR,IFAI - LOTE 8,CAÑA DE AZUCAR
OLIVERA RAMON HECTOR / JAKIMZUK OLGA CLAUDIA,IFAI - LOTE 196,CAÑA DE AZUCAR
OLIVERA ROSA/PALCHICOVSKI SERGIO RAMON,IFAI - LOTE 5,CAÑA DE AZUCAR
OLIVERA ROSA/PALCHICOVSKI SERGIO RAMON,IFAI - LOTE 6,CAÑA DE AZUCAR
OLIVERA RUBEN / JAKIMZUK LIDIA / OLIVERA CESAR,IFAI - LOTE 199,CAÑA DE AZUCAR
OLIVERA RUBEN / JAKIMZUK LIDIA / OLIVERA CESAR,IFAI - LOTE 198,CAÑA DE AZUCAR
OLIVERA RUBEN / JAKIMZUK LIDIA / OLIVERA CESAR,IFAI - LOTE 196,CAÑA DE AZUCAR
PAEZ DONATO / DE LIMA ELIO,IFAI - LOTE 4 Y 5,CAÑA DE AZUCAR
PARK ANNA,ANNA PARK,MONTE
PARK ANNA,ANNA PARK,YERBA MATE
PARK ANNA,ANNA PARK,CAPUERA
PARK ANNA,ANNA PARK,TE
"PAULUK, TEODORO",PAULUK TEODORO,YERBA MATE
PEDROZO ROBERTO,IFAI - LOTE 132,CAÑA DE AZUCAR
PEREIRA MARIANO LIZARDO,IFAI - LOTE 143,CAÑA DE AZUCAR
PEREIRA MARIANO LIZARDO,IFAI - LOTE 114,CAÑA DE AZUCAR
PEREIRA RICARDO,IFAI - LOTE 30,CAÑA DE AZUCAR
PEREYRA DE RAMOS ABEL/EZEQUIEL,IFAI - LOTE 44,CAÑA DE AZUCAR
PIEKA ANTONIO / SVIRCZ ELIAS,IFAI - LOTE 21,CAÑA DE AZUCAR
PORTO CARLOS JAVIER,IFAI - LOTE 28 A,CAÑA DE AZUCAR
PRICHODA TEODORO BASILIO/ JORGE RICARDO,IFAI - LOTE 10,CAÑA DE AZUCAR
PRIETTO ANGEL GABRIEL,IFAI - LOTE 19,CAÑA DE AZUCAR
QUEVEDO LUIS ALBERTO,IFAI - LOTE 29,CAÑA DE AZUCAR
RAMOS HILARIO LECER / HAMMERSMITH CLAUDIO /  HAMERSMITH CRISTINA MABEL / RAMOS NELCI MABEL,IFAI - LOTE 17,CAÑA DE AZUCAR
RAUL LOPEZ/LUCAS LOPEZ,CUARAJU MIMBI,YERBA MATE
REIS JACINTO / REIS JORGE LUIS / REIS ROBERTO ABEL,IFAI - LOTE 37 B,CAÑA DE AZUCAR
RIVERO GLADIS ANSELMA,IFAI - LOTE 176,CAÑA DE AZUCAR
RIVERO JUAN CARLOS,IFAI - LOTE 67,CAÑA DE AZUCAR
RODRIGUEZ JOSE CARLOS/ ELVIO MARINO ,IFAI - LOTE 17,CAÑA DE AZUCAR
RODRIGUEZ JUAN CARLOS / PORTO FRANCISCO,IFAI - LOTE 17 OESTE,CAÑA DE AZUCAR
RODRIGUEZ MIGUEL CEFERINO,IFAI - LOTE H,CAÑA DE AZUCAR
RODRIGUEZ MIGUEL CEFERINO,IFAI - LOTE 82 /103,CAÑA DE AZUCAR
RODRIGUEZ OSCAR/ RODRIGUEZ RENALSINO,IFAI - LOTE 154,CAÑA DE AZUCAR
ROTTA  JOSE OSCAR/JOSE MARCELO,IFAI - LOTE 79 SUR,CAÑA DE AZUCAR
ROTTA HERMELINDO / ROTTA GLADIS NOEMI,IFAI - LOTE 69,CAÑA DE AZUCAR
ROTTA JOSE OSCAR/JOSE MARCELO,IFAI - LOTE 80,CAÑA DE AZUCAR
RUBEN DARIO HENN,CHACRA DON LUIS,YERBA MATE
SADI LEIRIA,IFAI - LOTE 165,CAÑA DE AZUCAR
SAPOZNIK ANTONIO,IFAI - LOTE 1 Y 2,CAÑA DE AZUCAR
SAVISKI CARLOS FRANCISCO,IFAI - LOTE 39 - 40,CAÑA DE AZUCAR
SAVISKI ELVIO OSCAR,IFAI - LOTE 29,CAÑA DE AZUCAR
"SCHERF, ALBERTO",SCHERF ALBERTO,YERBA MATE
SCHOLLES LUIS OSCAR / JOSE LUIS,IFAI - LOTE 41,CAÑA DE AZUCAR
SEGOVIA NADIA SOLEDAD / CRUZ MARCELO,IFAI - LOTE 78,CAÑA DE AZUCAR
SELL JUAN,IFAI - LOTE 65,CAÑA DE AZUCAR
SELL MIGUEL,IFAI - LOTE 54,CAÑA DE AZUCAR
SEMAINKO JUAN ALBERTO / DANIEL,IFAI - LOTE 54,CAÑA DE AZUCAR
SENIO CRISTIAN/LORENZO YOLANDA,IFAI - LOTE 231,CAÑA DE AZUCAR
SILVA ARMANDO ARIEL / ADAN,IFAI - LOTE 21,CAÑA DE AZUCAR
SILVA ILDEMAR ELIZARDO,IFAI - LOTE 17,CAÑA DE AZUCAR
SILVEYRA EDUARDO / SEPE FATIMA ISABEL,IFAI - LOTE 87 B,CAÑA DE AZUCAR
SKRABA JUAN PABLO/SKRABA JUAN GUSTAVO,IFAI - LOTE 9 A,CAÑA DE AZUCAR
SKUREK FERNANDO ARIEL,DORJE,POROTO SABLE
SKUREK FERNANDO ARIEL,DORJE,STEVIA
SKUREK FERNANDO ARIEL,DORJE,YERBA MATE
SMOLA HIPOLITO ABEL / JAKIMERSUK YOLANDA TERESA,IFAI - LOTE 119,CAÑA DE AZUCAR
"SOLIS JOSE MARIA / ANDREA, GRACIELA",IFAI - LOTE 21,CAÑA DE AZUCAR
SOLIS LEONEL JOSE/DOWBUZ LILIANA,IFAI - LOTE 20,CAÑA DE AZUCAR
SOSA DA SILVA JUAN,IFAI - LOTE 61,CAÑA DE AZUCAR
STECIUK ELIDA TERESITA/ RAEL OMAR DE OLIVERA / PALCZIKONSKI ALBINO,IFAI - LOTE 38-39-40,CAÑA DE AZUCAR
STECIUK GREGORIO ALEJANDRO,IFAI - LOTE 228,CAÑA DE AZUCAR
STECIUK MARIO RICARDO / STECIUK ABEL,IFAI - LOTE 233,CAÑA DE AZUCAR
SUAREZ MARIA NELLI,IFAI - LOTE QTA 13,CAÑA DE AZUCAR
SUAREZ RAMON OSCAR,IFAI - LOTE 16,CAÑA DE AZUCAR
SUAREZ RAMON OSCAR / JAVIER OSCAR ,IFAI - LOTE QTA 2,CAÑA DE AZUCAR
TABAREZ ANSELMO,IFAI - LOTE 12,CAÑA DE AZUCAR
